"yellow",3659
"four",5236
"tinyist",2132
"hanging",130
"trawling",1991
"cyprus",4045
"looking",106
"scoll",2738
"eligible",1834
"originality",4888
"lord",3128
"canel",4309
"newslettervoucher",411
"cannpt",4747
"bringing",996
"ggggggggggggggggggggg",5176
"basics",3043
"prize",2198
"wooden",5605
"reliable",3820
"specially",2890
"tired",2774
"elegant",1672
"second",3055
"millen",4119
"blouse",351
"errors",3004
"catalouge",2668
"site44",1720
"culd",5142
"interrupting",1147
"here",627
"china",2522
"hers",1417
"dork",4807
"calculate",5331
"kids",588
"k",1661
"modelsmannequins",2020
"military",4832
"criticism",4571
"divide",4937
"explained",2547
"brought",1914
"hahahahah",2323
"9s",3232
"browse",513
"ithe",927
"productsgood",3469
"music",3768
"telegraph",1501
"until",103
"females",5505
"brings",1925
"georgian",5436
"yahoo",5347
"hold",1153
"locked",3726
"example",658
"cenypowalaj",3283
"impose",5374
"ygik",5396
"ordered44",1892
"vos",5475
"organized",2307
"currency",724
"smth",5544
"reviewing",2949
"want",254
"preferably",3693
"hoo",3637
"travel",660
"feature",1542
"clarityclear",907
"machine",3081
"how",186
"hot",1253
"cheetah",3791
"classify",3203
"pacage",1227
"beauty",473
"typed",3461
"beauts",4905
"wrong",271
"italy",3847
"types",874
"tulip",3468
"keeps",738
"democratic",2496
"feedback",1155
"vary",487
"perffect3",3968
"useas",3724
"fit",205
"frst",3631
"fix",1933
"diffrent",873
"fin",2569
"easier",628
"shippings",2016
"vouchers",675
"effects",5065
"interrupt",3642
"silver",3196
"statesplease",4719
"eneer",1161
"arrow",4588
"addicted",1092
"weirdos",4077
"garment",1787
"bowls",5254
"imagesforbackground",1205
"passwords",592
"395",5211
"impossible",2134
"whit",2226
"message",1138
"re",750
"encourage",711
"sml",2546
"adapt",5080
"prices44",2252
"glassessunglasses",2518
"given",2282
"estimate",1658
"knit",2343
"atm",3974
"mcqueen",3938
"heading",3168
"shipped",2563
"speedy",2066
"reserving",1852
"canadianusa",4783
"resetting",1351
"currancy",1638
"shopped",3533
"wash",4733
"coversion",5032
"all44",2558
"clarity",1539
"programsoftware",2175
"olds",4554
"service",82
"needed",6
"listed",680
"hiya",2305
"listen",2836
"danish",3672
"rewards",4276
"white",315
"showed",298
"nzd",3059
"personalisation",1075
"courier",2130
"seethrough",4919
"recommended",5351
"doors",4306
"shipments",3398
"transactions",4830
"wells",5631
"victoria",2165
"fantastique",3708
"entry",4353
"dummy",2609
"emailing",3305
"everythin",4199
"incomplete",2377
"saying",581
"penang",5083
"nominated",3392
"prix",5625
"qwqwq",985
"recliner",4305
"busy",4044
"clicked",689
"menu",2118
"699",1114
"bust",1558
"mens",904
"theme",2821
"rich",2287
"rice",5311
"more44",5427
"warmers",3250
"klein",4755
"comunication",4322
"variaty",5520
"altogether",5197
"tips",4100
"unfortunately",3458
"nicely",3349
"tights",1628
"comprar",2149
"isreal",2895
"respond",1750
"fair",468
"result",4589
"nocturnal",4227
"hammer",4285
"best",380
"lots",827
"rings",3887
"prada",383
"never",1143
"extend",4956
"wtf",3218
"pity",248
"veer",731
"met",5613
"colurs",4870
"country",200
"miyake",956
"mannequinmodel",4264
"login",645
"asked",1348
"pre",2925
"improvment",1894
"diff",1957
"250",1249
"delloglio",5213
"billing",891
"chrome",1364
"fro",2106
"much",43
"jackass",4273
"life",633
"chile",1111
"child",3490
"worked",3229
"bridal",479
"chill",2768
"navigatethanksdayna",5526
"employ",2353
"kidz",3574
"picturing",3679
"dressesmaxi",1645
"presiontation",3148
"player",4769
"clutches",1800
"well44",2501
"pocket44",4170
"browising",5354
"hong",3578
"dhl",4805
"things",140
"seaches",1772
"again44",3709
"european",1675
"tops",243
"slovenia",1472
"vivier",5185
"silhouette",3552
"tune",4691
"lucas",5049
"ucas",3241
"sitebu",347
"bit",614
"previous",4312
"ease",1334
"had",447
"collections",1257
"beloved",4575
"has",416
"possible",1099
"possibly",35
"chuse",745
"unique",2621
"massively",2465
"d",445
"delievery",3120
"specif",2486
"steps",409
"right",10
"old",1008
"people",48
"sure",2
"prick",5153
"for",76
"bottom",1605
"creative",5009
"uma",4414
"giftcard",3209
"fashio",1300
"losing",5335
"size39",4890
"manufacturing",4103
"dollars",1248
"bust44",808
"o",2749
"slightly",1307
"sod",3815
"facility",530
"soo",743
"son",5619
"sos",2320
"magazines",1396
"shoots",4459
"reducing",3778
"whitecream",311
"fabric",839
"support",3084
"constantly",1347
"width",2560
"despises",5245
"spring",5380
"resulted",3750
"icon",1062
"waith",1291
"lovely44",5426
"offer",935
"paypal",576
"understandable",3138
"indivduals",4463
"inside",3167
"lays",3236
"nothingggg",5388
"later",882
"sight",511
"hhshsgwgdywed",5570
"exist",1624
"kha",5115
"intermational",216
"dealer",1529
"cassie",5237
"dotted",754
"floor",3353
"crowns",1815
"republic",550
"becuase",1891
"roll",2236
"intend",734
"models",85
"mre",1384
"rolling",2441
"expensive44",3438
"time",210
"push",2451
"banners",2292
"depuis",5476
"intresing",4458
"osx",4385
"chain",5186
"whoever",2214
"reviewers",941
"crocodile",3062
"810",2667
"811",4875
"cheap",1453
"choice",255
"stays",3470
"exact",1034
"minute",4091
"bbbbb",4759
"boohoocom",2596
"leave",2213
"jhbihji",3368
"loads",703
"prevent",5303
"be",28
"sign",693
"shirts",371
"schemelayout",2012
"burch",2831
"page44",5446
"current",2160
"remembered",4073
"crashing",1606
"boost",3751
"giambattista",3060
"dropdown",2885
"address",602
"alone",5530
"along",3990
"baobao",957
"brilliant",136
"tassels",5488
"improvemnets",5191
"love",122
"prefer",1192
"logical",4329
"bloody",1917
"grindle",1188
"fake",3670
"randomy",3948
"syudent",2934
"working",1481
"positive",964
"angry",921
"opposed",685
"wondering",3575
"loving",301
"afford",141
"apparent",5469
"visual",1667
"everywhere",3639
"easiest",3339
"prive",3021
"values",4638
"following",1900
"logon",4745
"mondayfriday",5230
"nithing",3344
"awesome",353
"locks",5099
"hides",3435
"allowed",2904
"winter",2871
"divided",1107
"haveing",1486
"fitlook",1659
"daty",4687
"clothings",5071
"spot",534
"applications",2387
"shopscan",1538
"date",871
"such",1703
"suck",2963
"shockingly",3195
"conscious",5513
"so",474
"me44",5122
"webpage",516
"years",1692
"course",4728
"timly",5085
"lovelies",5358
"tte",4557
"siteand",1467
"internationally",5216
"siteyou",4897
"sixties",5506
"shudnt",4145
"tory",2830
"instantly",3583
"retails",3950
"matches",606
"sorted",1013
"matched",5202
"revert",3336
"w28",1734
"quarter",4851
"sizesbeen",5317
"retrieve",5225
"bursting",4564
"fluted",1824
"receipt",3859
"styleeee",3155
"inhere",5307
"entering",1135
"canvas",2276
"amazingmore",547
"viscose",4350
"internet",2223
"million",4327
"possibility",1440
"quite",461
"complicated",2425
"colred",3752
"besides",3279
"prefered",5559
"nothimng",5373
"dunno",613
"modest",1989
"massive",2378
"jumbled",4166
"saving",427
"ona",4661
"potter",4292
"mucho",2566
"kutsu",916
"ithow",2572
"submit",3706
"spanish",928
"timesaving",5226
"open",2500
"ripping",3951
"city",3593
"see44",2772
"santander",2102
"t",1545
"indicate",646
"2",207
"typing",1450
"shoppers",237
"bits",4985
"ridiculous",792
"arround",5390
"plein",3664
"depressed",3219
"typography",2125
"uk1",4695
"coats",2971
"future",736
"recieved",5294
"russia",2339
"alles",4646
"san",240
"nicer",2354
"sad",4421
"say",1132
"saw",1246
"sat",5138
"longshort",2828
"fashionable",226
"masse",5353
"take",407
"notb",135
"wanting",3399
"steiff",1395
"knew",4069
"wayy",2860
"printed",2195
"crochet",2144
"knee",3104
"pages",779
"sall",885
"average",2029
"drive",3601
"refining",2010
"walking",967
"syle",3327
"naviagte",4165
"explainitory",2873
"inconsistent",5459
"slow",156
"otis",3748
"going",1745
"estar",4412
"beatles",1402
"bnnn",5393
"assistant",1185
"freezing",1594
"ontinyent",4033
"simplistic",5227
"rhtaqb",4671
"outlet",165
"settings",2177
"worried",4723
"tryn",5146
"roger",5184
"where",167
"monthsyears",938
"jopjlkj",1821
"findtheir",1312
"isabel",2685
"stocklists",4332
"subheadings",2590
"refreshes",5086
"downeverything",5608
"sites",1301
"teeny",4229
"sitei",664
"explorethe",5492
"teens",2825
"jumper",5
"jobs",1586
"screen",783
"points",4340
"supermarket",926
"spare",4208
"smartphonefriendly",2842
"many",178
"s",612
"converses",1386
"onhow",1649
"grooming",1358
"backpack",4549
"consulter",5474
"stretch",3083
"west",3919
"mesimple",3085
"wants",2211
"enable",4902
"srcoll",17
"photos",295
"former",4163
"bellstaf",951
"variances",5369
"tribal",2529
"easyer",5258
"policies",4855
"dresss",4903
"ive",446
"manequin",760
"purse",5125
"blak",2583
"people44",5111
"sizesleg",1268
"verified",2736
"embarrased",3695
"sterling",2937
"visually",3985
"edged",4858
"sickness",4789
"cheers",4250
"wired",5011
"deff",4374
"advertisement",4953
"theyll",815
"defo",3731
"tracking",1985
"costi",3879
"nothin",1807
"costs",950
"summer",666
"morons",4156
"being",31
"fitthanks",3182
"rest",1531
"however44",721
"occasional",753
"tgstyh",2444
"brogue",3297
"yall44",4380
"aspects",4741
"around",708
"cheapermore",1125
"lowing",3265
"sodding",2551
"dark",1709
"world",381
"postal",1503
"bravery",3425
"pushy",2744
"conditional",5518
"lebanon",486
"trouser",3594
"thinks",965
"dimensions",662
"clothing44",876
"ddp",4825
"inwhy",2376
"exit",3090
"power",5339
"lvoe",4278
"product44",5628
"issey",955
"thailand",2247
"majoring",2818
"ace",5070
"package",2735
"industry",5327
"favorite",1505
"pallette",1208
"netbook",3989
"luck",4040
"oder",3999
"image",699
"lively",147
"parties",4530
"her",1858
"hey",3310
"minotours",4578
"hem",2058
"complete",901
"with",493
"buying",99
"handsome",3051
"pull",1718
"marni",560
"rage",1777
"dirty",3754
"darker",1997
"detailed",2874
"gone",133
"ad",1820
"ai",5161
"certain",57
"am",332
"al",4526
"watches",3197
"an",22
"as",13
"ar",1102
"au",1849
"at",49
"paddedunderwired",4967
"cream",1908
"ideally",4864
"33in",4215
"tight",1072
"someones",1407
"pertty",2458
"incomprehensible",4373
"refunded",4572
"gifts",5453
"dearrrrrrrrrrr",2450
"countrieslist",1299
"tricky",5290
"shipping",217
"hello",983
"cpr",4315
"original",2714
"consider",1285
"improovements",2498
"discountsoffers",1614
"upkeep",5389
"llike",4698
"to",16
"th",4605
"ti",4913
"te",4527
"unbelieveable44",3471
"case",2449
"returned",2473
"debit",2853
"myself",3243
"24th",1797
"condition",4397
"ageing",661
"large",1519
"accesorises",877
"harry",4291
"76yhyyyyyyyyyyyyyyy",2372
"balmain",4343
"quicker",414
"past",937
"displays",3452
"pass",748
"eamil",4317
"elce",5385
"clock",1434
"section",166
"burgundy",3699
"method",2728
"contrast",2986
"full",522
"rewiews",1368
"hours",121
"bloggers",1938
"sender",4300
"pouvoir",5621
"experience",1181
"pics",1947
"pick",2201
"action",1353
"pice",3984
"newlooks",1845
"via",1856
"adidas",2732
"reveiwer",3235
"favouriteswish",3756
"send",649
"gosh",5058
"select",55
"roducts",1101
"freeso",4609
"pearl",2114
"magnification",729
"fragrance",2674
"6",2037
"more",145
"teen",402
"door",4164
"company",1047
"kensal",3073
"arrived44",4425
"sizing",1002
"keeping",1555
"lilly",3720
"reasonwrong",4917
"science",3875
"learn",3244
"male",2237
"beautiful",515
"setions",870
"inaccessable",3819
"stated",5416
"viviennewestwood",4225
"suggestions",1369
"accept",1780
"autumn",3002
"sense",4099
"dress",605
"huge",2662
"xxxx",1872
"outfitting",4803
"enlarge",2221
"xxxl",5536
"upto",2534
"clothers",4075
"plane",3038
"ethics",2028
"authentic",1909
"register",1631
"oldskool",3228
"available44",657
"replied",3223
"ito",1712
"jordans",4259
"greatt",4860
"itd",1282
"ite",1711
"itb",2627
"gucccci",4096
"paper",5282
"bril",5313
"4ft",5121
"its",53
"for44",3729
"continued",5572
"sexier44",5432
"nastygal",2637
"fior",2663
"lovevly",2585
"acquisti",4433
"it3",4709
"everytime",3953
"always",813
"avaliability",3166
"found",596
"shocking",1491
"status",4098
"england",3944
"reduce",352
"gft",4025
"bouquets",4715
"measurement",707
"navigate44",2021
"really",253
"missed",1430
"research",1829
"saluti",2930
"occurs",1804
"attentions",2521
"qualify",3590
"imagine",948
"value44",5417
"smallers",5066
"vourchers",2180
"major",2696
"forwards",2879
"dumbfounded",4320
"number",594
"colorswitch",4500
"guess",1020
"guest",4898
"moderately",4791
"pspr",3206
"mmmm",3220
"odnt",3396
"unrealistic",2094
"legs",4214
"desingned",4997
"beforehand",2121
"bhs",5344
"sell",377
"frais",3320
"self",1388
"prices1",5567
"freakishly",1221
"also",500
"recognizing",2788
"somtimes",3966
"play",1019
"swiftly",3612
"accepting",566
"plae",3350
"dresses44",3103
"sometimes",1284
"cover",3505
"pricess",2631
"fashions",2401
"fashionx",5239
"gold",1552
"helen",2823
"faffing",4621
"lovee",5490
"failed",1650
"factor",2843
"duidelijkheid",5614
"occuring",3952
"twill",1189
"closely",3334
"banner",358
"resend",4863
"sleeve",4910
"cry",1576
"croatia",460
"couriers",1854
"river",1994
"approaching",5260
"insane",4176
"set",234
"see",9
"sea",2146
"sel",2406
"possibilit",5473
"currently",2258
"orderhistory",3646
"softsupple",4800
"pickup",2642
"recaro",5315
"chenge",3927
"knowing",4664
"targeted",3600
"javascript",1164
"eeverything",4398
"interface",2081
"improved",671
"rrrttvcdv",4731
"dimentions",2384
"henley",5021
"approve",4816
"laren",5382
"load",317
"affordable44",2593
"worn44",475
"michare",1043
"emials",4952
"websitethe",782
"except",2525
"scallop",1921
"scottish",4970
"belt",2347
"simpleness",4371
"publishing",4954
"funtionality",4598
"hitting",4018
"sleeved",737
"fird",4973
"gilets",5629
"sleeves",2126
"representative",4029
"firt",4782
"straight",1655
"budget",2004
"receive",2442
"error",1803
"ussales",3805
"products44",4623
"pound",1230
"hoping",1782
"calculator",798
"moto",1159
"beautifully",2452
"funny",472
"spectacular",3387
"shorter",3838
"failure",2859
"alert",222
"viewing",759
"levels",642
"euro",260
"expend",4536
"picks",4316
"person",1027
"sperrys",4689
"plagues",4999
"w2632",5126
"tanto",4003
"definatelly",2565
"acessed",3878
"sidebar",5370
"wearable",4763
"glitches",3047
"advertisements",5442
"hoody",5399
"location",1350
"homeland",5287
"relevance",2365
"input",1855
"prducts",5618
"australia",1850
"format",2624
"couple",1609
"formal",4448
"sorting",3384
"stylist",1445
"marques",3317
"continue",2321
"stylish",1465
"pitures",3807
"goddamn",4520
"beatifull",3713
"bloqu",5162
"outrageious",1726
"measurements",573
"cheapness",3690
"clothes44",1162
"viewall",2681
"vhari",4749
"bb",2295
"mutch",744
"bt",4648
"bu",3185
"bv",5392
"itemscolours",2751
"by",229
"aswell",2987
"anything",142
"3make",5318
"watchlist",3139
"into",765
"appropriate",4141
"criticisms",3994
"traduce",5068
"spending",2866
"3bu",3077
"bodywear",1390
"specifically",3282
"custom",3987
"suit",2582
"procedures",5610
"considerably",4926
"3601",1752
"elsewhere",4053
"inches",4051
"relaxed",1233
"link",1967
"pacific",3498
"line",1447
"posted",3397
"catogarising",2330
"uv",4645
"skirtsdresses",5456
"up",299
"us",362
"ur",223
"un",2483
"customers",1055
"uk",277
"faded",4450
"continuously",5292
"genial",3870
"laserdebit",717
"influence",5127
"comming",1224
"globally",1691
"chat",1415
"codes",715
"uk13",4696
"so44",3735
"pageis",4565
"manncin",4476
"scrub",5057
"sides",526
"ago",2270
"land",4383
"age",1122
"came",296
"havinb",2975
"fresh",3500
"having",672
"boobs44",3737
"code",936
"uhbhgfv7ujtgcn",3376
"results",1220
"existing",2427
"toggle",2009
"broader",2241
"freakin",2204
"viewbuy",3710
"turkish",4537
"prodct",2082
"young",4971
"cheaps",4986
"uniqueness",2272
"dislike",1577
"sent",897
"uploaded",1053
"stocked",3697
"garden",4637
"erewr",4925
"sexist",5503
"clothesaccessories",1930
"categories",1311
"currancies",799
"fewer",3248
"try",640
"discounting",3201
"gauge",2827
"rack",4297
"everythings",1129
"video",1598
"odd",1273
"index",2448
"sweats",3849
"moschino",4282
"make4",3800
"led",3134
"leg",2274
"delivering",1839
"les",2958
"let",423
"consideration",3099
"mukluks",4742
"great",110
"technical",3221
"makee",1560
"ould",868
"gthyjukilop",1744
"survey",3362
"opinion",812
"makes",553
"maker",306
"thats",478
"acending",2364
"firefox",4993
"sire",3986
"exceptionaleasy",5525
"bvcvb",1759
"tools",2849
"farapart",4931
"standing",2162
"confidence",2989
"zip",5398
"chocolates",4192
"next",77
"duplicate",2816
"beaches",3921
"gooooooood",182
"carrying",2315
"labelled",4914
"rubbish",866
"baby",3456
"promotional",517
"customer",81
"balls",3007
"bartokomous",4242
"this",41
"clients",4180
"pour",2957
"thin",4028
"phon",2414
"wedge",1259
"process",1340
"lock",4482
"slim",4211
"pieces",2516
"high",230
"absoloutely",4611
"clogs",2327
"ascendingdescending",2862
"animal",1317
"navigateand",5059
"greatly",2056
"singular",3517
"tied",3915
"evry",3746
"fits",969
"ties",5500
"login44",3607
"reminders",4011
"element",4980
"allot",3840
"allow",787
"classy",2044
"counted",4055
"erasing",5431
"aply",2819
"produces",3132
"move",303
"comme",3255
"styleyou",4509
"hotcakes",4960
"perfect",154
"freeor",2886
"chosen",87
"expensivenot",4595
"choses",1693
"2011",1799
"2012",2025
"goodsuggestions",3886
"designs",875
"results44",5094
"hemline",3443
"designe",4528
"bothering",2869
"kiss",2489
"transparent",3860
"minimalist",2933
"betta",3628
"merge",5408
"truth",3803
"kroner",3673
"badman",4382
"beneath",2533
"glasses",1690
"doing",2595
"bums",4714
"navigatequick",5546
"books",1032
"reload",1532
"boutique",3846
"cest",3734
"greedy",5277
"ban",5074
"surely",2026
"frigging",4579
"could",290
"lovly",5172
"put",482
"examplemore",4678
"unisex",2205
"length",1269
"fomating",2463
"killuminati",2153
"retourne",2974
"ordering",1115
"system",1851
"jeanss",5534
"laterx",3617
"oilily",4622
"painful",1509
"stars",3308
"quarry",5309
"shorts",3455
"by44",1303
"droderant",3827
"havee",1770
"suhveijnbv",5208
"zanotti",2635
"44plz44",5110
"please44",458
"bother",4915
"moncler",4539
"appealing",3010
"viewer",3718
"horredeus",4477
"carraige",5129
"clearly",1110
"viewed",2360
"point44",5273
"4000",2784
"ssssssssllllllllllllllllloooooooooooooowwwwwwwwwwww",3118
"babes",3962
"wideness",4793
"lily",4674
"accuracy",4945
"worldwide",894
"visa",2227
"device",3741
"centimetres",4361
"sweeping",3352
"face",2520
"ringelshirt",2232
"fact",92
"hoodies",2074
"actucally",4193
"shopstylecomau",3548
"bring",428
"biker",4992
"manchester",5316
"postcode",2556
"bedroom",4690
"ripoff",4551
"hopt",3540
"jai",2954
"hope",1866
"pleeease",4966
"handle",1562
"means",2179
"veiwers",4331
"exchanges",1279
"produced",2882
"feww",4692
"acheter",5622
"denmark",1030
"taxes",399
"stuff",239
"gbp",2168
"prises",4496
"frame",2127
"edition",2018
"nireland",1127
"accessoriesyou",4886
"exellent",1865
"bunch",3048
"youll",4938
"email",170
"greatful",5584
"scrolls",1927
"onces",464
"etc",692
"bristol",4232
"gorgeous",2156
"adjusted",5565
"gooood",1919
"cm",3789
"neneh",1621
"imperfection",2530
"skirtsbagswatches",5371
"uglyass",5356
"feather",3530
"waste",2672
"selvage",3208
"efashionwholesalecom",2104
"neighbour",2812
"mannequin",814
"when44",3644
"graphics",850
"spain",1935
"laser",567
"bellys",4713
"runway",2589
"biggerb",4675
"pretentious",5587
"accesible",4761
"hahaha",3790
"pits",4346
"va",4534
"site",42
"distressed44",2770
"vs",2457
"uggs",4389
"sits",2140
"highlighter",4764
"android",1742
"drink",2833
"somewer",4950
"saami",5031
"mihara",5603
"cabinets",4770
"uni",4597
"iidot",3555
"expand",3511
"cheaaperrr",4516
"discounted",3361
"acknowledgement",3226
"colour",312
"braclet",4368
"didint",3643
"355",2945
"less",1245
"souper",3014
"thinnk",4004
"web",803
"wee",3961
"wed",2717
"combine",2060
"wet",4424
"inperson",3893
"increased",4177
"checking",333
"five",2502
"goings",3022
"password",578
"gkngh",4573
"offerings",4669
"emma",4627
"chairs",2385
"pries",1592
"become",1287
"decreaase",2324
"grids",2921
"choosing",4127
"thier",1464
"32f06dblk",797
"literally",3665
"avoid",2742
"reconised",5533
"improvments",5632
"does",1152
"cheaperd",3688
"avoir",5472
"selecting",3622
"discountsvouchers",5508
"catergories",2543
"racher",1983
"sister",3775
"cheaper3",4667
"swimming",1212
"pussy",5005
"commitment",3939
"assess",4125
"camden",4235
"lund",2394
"2k12",3023
"slovakia",5595
"function",746
"delivery",297
"interseting",2542
"places",309
"placed",1781
"polyvorecom",2309
"distribution",4404
"yuki",1870
"irish",499
"compared",1943
"nonetheless",3783
"details",741
"francisco",241
"monday",2040
"outlets",5082
"notttttthhhhhhhiiiiiiinggggggggg",2129
"kirkwood",4024
"nikes",2374
"ghost",3852
"searcher",2439
"hp3",1362
"lasted",4377
"rulz",2622
"searched",1455
"saves",3280
"desirable",4843
"catalogueclearer",5187
"saved",1414
"stuf",5218
"restock",413
"worth",924
"upload",942
"knitwear",1956
"cher",2665
"oxoxxoxoxoxoxoxoox",2719
"brill",1322
"jadore",5620
"toput",3703
"above",859
"zoomed",3261
"neat",3649
"consisting",2651
"told",1629
"extremly",1694
"shutup",2182
"equals",3911
"ereminder",2748
"gli",4432
"itemx",3419
"daughter",1897
"items",61
"itemi",3811
"skirts",3102
"browsing",498
"12121",2931
"fitting",2571
"balenciaga",4968
"secure",1940
"highly",4402
"bro",2612
"total",3114
"bra",471
"hatsglassesjewellery",3440
"sweater",5088
"chooses",545
"choosen",4969
"haha",3299
"aware",4108
"collection44",4846
"rrivato",5493
"separates",2852
"blocking",4159
"word",3976
"magen",4446
"err",3557
"jess",5375
"1999",4874
"work",331
"ik",1098
"worn",1636
"im",535
"excellant",5461
"goood",3669
"indicated",4399
"india",679
"asxdcfghjmkl",1585
"indies",3920
"uae",3019
"provide",1442
"mouse",520
"maclain",3749
"lai",3069
"soled",3596
"after",30
"lab",1890
"customs",5280
"lay",752
"productit",1968
"meaningful",1201
"bikkembergs",4607
"appreciate",811
"greek",4135
"green",1163
"worst",1885
"order",348
"satisfied",1795
"fab",38
"discountextremely",3905
"innovative",2919
"hereford",2217
"slimmer",3603
"disappointedsays",3711
"somewhere",3518
"highlights",4701
"offic",5386
"then",491
"them",687
"safe",4515
"band",370
"giraffe",4467
"they",127
"thet",3969
"ther",5383
"bank",1783
"classified",2898
"pics44",4146
"reasonable",510
"q4075601",4323
"espaa",2757
"logg",2375
"logo",1988
"network",2712
"diesel",4906
"forty",5547
"trainers",903
"forth",5293
"finshed",2005
"hogan",398
"loooovvvveee",4087
"nty",536
"differing",2855
"clohtes",4279
"standart",3437
"dammit",575
"created",5182
"installs",2988
"colour44",5425
"item44",4511
"oppose",3371
"flick",1411
"organize",3551
"render",2537
"another",1035
"illustrate",3799
"rated",2857
"rates",4013
"john",4940
"albert",3372
"wastes",4693
"wasted",4601
"exchage",1437
"delever",1051
"holdall",2277
"ebay",5181
"goodsite",3933
"seater",2368
"with44",5055
"navigate",215
"contents",4370
"forced",1203
"strength",4736
"realm",3538
"necktie",4364
"convenient",2328
"realy",1105
"luxury",2946
"forces",5349
"retdfguyijokp",2091
"accesoires",3676
"explanation",1016
"distracts",4197
"iceland",3267
"hammond",3373
"formulaire",3259
"germany",1375
"sitenow",2834
"pslove",3044
"fitted",4148
"reserve",772
"emptys",3936
"weelll",2606
"lewis",4941
"enjoyed",4751
"rgafsgwasg",3512
"painfully",4334
"guidance",3897
"hrs",3872
"height44",807
"adequate",2553
"billingshipping",4352
"do",79
"meget",4113
"dk",4015
"dg",5468
"de",3321
"db",1389
"preferred",3449
"da",1551
"du",5166
"dr",824
"chanel",767
"intrested",3715
"runs",3447
"apease",5194
"emo",4948
"ecodesign",1689
"whitetrippiewhite",4879
"horrendous",3982
"miserable",3753
"orderour",4262
"draws",3931
"away",1656
"swimwear",488
"bien",3316
"unable",986
"jumpers",2076
"we",376
"loose",1071
"terms",3067
"wo",5205
"accessoriesshoes",3786
"bras",2246
"received",880
"cos",541
"cow",4799
"ill",1818
"coz",3945
"firstcanada",2576
"disappears",2405
"ssadsd",5171
"ily",5516
"abbreviate",5053
"timescale",4038
"wider",722
"refill",5607
"speak",2504
"duties",3843
"easy",173
"concerning",2952
"nicevery",5454
"applied",5345
"tonight",1769
"east",1231
"pleasethanks",1228
"air",4258
"aid",4655
"launched",4543
"loooove",1748
"loadcant",3056
"distending",5596
"maniquins",3149
"plis",2941
"confirmed",3246
"patent",4882
"incorrectly",1166
"advertising",1746
"swell",4831
"hang",758
"hand",11
"visvim",4835
"shizzle",2611
"jeggings",5128
"kept",1922
"thw",2567
"tht",5617
"contact",1323
"thi",3716
"the",45
"quoted",2610
"photo",1674
"thanks",832
"visualization",3667
"shoul",335
"countrys",1741
"shous",3131
"photographed",2756
"usable",294
"boxes",1076
"itfirst",3640
"designers",208
"skanky",5321
"femmine",3273
"cooler",3899
"biit",2015
"theyre",1880
"night",4348
"pleeeeeeeeease",3359
"sends",4877
"webs",5539
"hassle",4209
"sixe",2692
"jeffery",3237
"confusing",892
"purple",1620
"comments",2426
"asking",739
"melange",3529
"nothingeverything",3164
"adorable",3290
"pls",998
"marketing",1578
"pose",1822
"plz",2392
"ordend",3970
"constructive",3993
"scarves",3677
"pln",3190
"post",158
"months",1236
"gentler",1998
"speedier",3764
"contains",4460
"wasting",1591
"pays",3256
"functionalityi",3545
"queriescustomer",3823
"wan",344
"available",95
"way",111
"editions",2616
"was",308
"lowest",2137
"converse",1191
"true",1953
"reset",1169
"responding",3473
"crystal",2944
"mails",4593
"nbmnj",4585
"archive",3863
"reality",1944
"interested",781
"holding",4699
"test",2826
"joni",4313
"notthhiing",3412
"welcome",2876
"update",593
"yardage",3287
"together",864
"beds",3760
"sandie",1088
"concept",2675
"broke",5511
"global",72
"switches",5590
"in44",2839
"varnish",2286
"somthing",3932
"hovers",1708
"flash",3959
"also44",3012
"deivery",2817
"brown",4590
"fobbed",3831
"kitten",3497
"trouble",449
"v7z_i7ys",5519
"diifficult",3225
"presented",456
"turns",3743
"gun",3082
"p",1513
"accsessable",193
"guy",1535
"normlly",1305
"upper",4362
"regret",3922
"bravo",5012
"repetitive",5326
"discover",4082
"cost",2088
"hver",4854
"rough",1657
"azria",5510
"appear",62
"assistance",5305
"shares",3064
"appeal",2240
"1010",3689
"supporting",5450
"unsure",131
"hoops",5249
"appears",3329
"change",601
"dillards",3506
"sending",1896
"sizeing",4656
"usually",3119
"wilmslow",2039
"homeware",4685
"regardless",2669
"extra",2592
"marked",5178
"delviery",4556
"rarely",3787
"market",1676
"prove",2804
"unimpressed",5548
"live",360
"https",5451
"casadei",5586
"graphic",2932
"slogan",1579
"highlow",5377
"cat",1025
"labeled",5045
"can",169
"houres",4707
"cad",5372
"meeeeeeeee",3008
"heart",3587
"subcategories",5359
"december",3599
"chip",2739
"mensboot",952
"heard",2428
"shuold",5174
"refine",975
"chic",2745
"clothing",60
"occur",3133
"chie",5602
"spreads",3595
"giveaways",1936
"freezes",279
"write",977
"rightaway",584
"product",641
"iteam",2929
"squeeking",5241
"use",252
"disgusted",1473
"produce",837
"wistful",2273
"vases",2620
"remember",1952
"whenever",1877
"woolrich",2220
"stilt",4204
"indeed",2936
"haircut",3390
"displayed",1548
"surverys",4792
"ended",773
"cold",1534
"still",626
"birds",5527
"manequins",906
"flora44",1669
"acknowledge",4911
"selves",4036
"forms",3365
"window",2865
"excellentooo",3165
"spacious",3314
"norway",843
"accesories",565
"non",1313
"noo",5149
"countries44",4624
"easly",192
"44110",5328
"introduce",2747
"unimpressive",5297
"1952",379
"not",65
"now",104
"discuss",1857
"nor",3912
"nos",5616
"wont",775
"drop",2271
"entirely",1632
"em",4409
"en",2150
"eg",558
"yeah",4392
"goose",2815
"year",1583
"eu",934
"et",4680
"happen",3645
"es",3476
"er",4110
"album",2806
"shown",1664
"opened",3031
"space",4628
"httpwwwkatygodfreyinfo",1912
"increase",2313
"navigating",1993
"receiving",4853
"shows",425
"cars",3343
"cart",287
"rebel",548
"card",495
"care",1879
"selections",2453
"british",3105
"honest",966
"loginto",4037
"toeabove",905
"511",5257
"promotion",2381
"toulouse",4473
"xo",1479
"xl",2604
"there44",5368
"factzzzz",4560
"xd",3947
"xx",761
"directly",618
"xs",3853
"ring",1717
"forwarding",4814
"tomorrow",5177
"size",4
"garcons",4202
"checked",4357
"hoder",1326
"bookmark",1400
"checker",2014
"smallmediumlarge",4457
"friend",172
"yiz",5151
"thar",5062
"mostly",1619
"that",63
"flowery",2170
"flowers",925
"appreciated",631
"thumbnails",3723
"accessed",1793
"happy",833
"browser",1526
"angel",1451
"contempory",3117
"dispatchhed",3684
"debenhams",3087
"form",1910
"online",100
"impairment",2178
"abswer",1130
"price",114
"neatly",4716
"garms",5535
"pricy",2497
"america",1459
"oftand",3816
"forever",2117
"mantiene",4431
"ferrari",2341
"pattern",1277
"professional",3150
"narrowdown",5404
"merchandes",2693
"helt",4977
"german",1241
"discovered",2098
"mashable",3619
"ground",1907
"aint",3285
"upgrade",2659
"proportion",1610
"only",542
"salegood",3340
"jehfsdgfdfhdfdfdkfhsdlfknsdlsdlgkdbslsdjvhxcvxcvlkxch",5378
"pices",4419
"sooo",712
"truly",3298
"lollies",4466
"leather",1314
"thingyou",5346
"catagory",3304
"burst",5242
"browze",3162
"europeans",3652
"colours",109
"3",224
"complexion",3270
"between",3053
"import",3121
"notice",1178
"garde",5219
"girft",3858
"colers",5379
"xoxxooxox",4988
"article",1160
"shippingreturns",3625
"enabling",2731
"biviano",993
"organizedvery",3804
"comes",1485
"nearby",3544
"overview",4921
"jeans",420
"decending",2363
"cares",4561
"selena",3484
"informed",1367
"wiew",5308
"superfine",3171
"dressskirt",2829
"reallythe",3204
"these",465
"editorial",5261
"100th",4454
"heels",1522
"return",635
"floating",5577
"worry",3383
"redwithe",2233
"yo",2568
"worldwild",3173
"food",3107
"toooooooooooooo",5298
"closest",3841
"ye",1779
"arctic",2700
"dimensionslengths",4672
"fruit",4603
"complained",2279
"charges",556
"breeze",1671
"poplar",4778
"gain",1183
"otherwise",203
"charged",4587
"heaps",3881
"refounds",1278
"neon",5198
"good44",4494
"speek",3401
"maternity",599
"touch",4957
"speed",702
"death",3466
"euros",1050
"thinking",477
"domicile",5477
"improvement",422
"versa",233
"real",47
"hover",1270
"reai",2417
"fine44",3112
"onscreen",1978
"read",778
"lado",5114
"around44",4748
"quickness",4538
"using",598
"lady",357
"carful",4188
"pounds",496
"iphone4",3761
"colourbit",3347
"benefit",162
"blackberry",3762
"occasions",5597
"giuseppe",2634
"cisco",4544
"questionnaire",4582
"kjbkjb",4722
"deselect",3543
"putted",2256
"veneta",385
"weding",818
"mastercard",1939
"business",887
"asap",2896
"equivalent",1735
"englisch",4735
"exciting",3091
"comparison",1242
"sri",4894
"choo",388
"chop",4740
"vansshoes44",4359
"wold",1682
"tods",397
"navigability",3954
"atcually",2792
"youd",1223
"your",68
"log",404
"area",3460
"removing",1923
"lol",730
"arei",3880
"start",459
"mannekinperson",2141
"cats",4694
"low",231
"lot",448
"atract",5047
"metalic",5401
"trying",450
"emailie",5452
"default",2355
"602",4964
"describe",3432
"moved",5209
"sales",619
"tengo",3179
"moves",3281
"xxxxxxxxxxxxxxxxxxxxxxxxxxxxxxxxxxxxxxxxxxxxxxxxxxxxxxxxxxxxxxxxxxxxxxxxxxxxxxxxxxx",3981
"infact",1420
"valid",1747
"you",168
"currencey",1436
"poor",620
"tshrit",1401
"choicesthe",3424
"peas",4411
"suited",3001
"building",3230
"5555",5635
"webiste",3488
"chceck",5594
"overseas",2008
"either44",3024
"dsdsadasdsadsa",5545
"since",1428
"skeleton",3755
"month",625
"loooooooove",1158
"monts",4683
"mireille",992
"messy",554
"dreadful",3629
"icons",1762
"danielle",2877
"solicit",2632
"vert",4080
"very",18
"coloured",2531
"decide",1589
"generalised",4167
"heaven",5343
"imnprove",2940
"louis",3902
"manager",1171
"bootcutboyfriend",3738
"modelspeople",4456
"random",3463
"htna",5407
"cvs",3474
"freeee",4386
"hamper",5119
"edited",4821
"rudimentary",4147
"answers",3357
"strong",4524
"availible",5403
"inspired",2961
"amount",235
"arent",250
"trainer",3144
"34inch",4084
"family",5124
"glitch",2433
"popupssurveys",982
"takes",1100
"0",3630
"fargood",2123
"userfriendly",2244
"taken",1596
"lowering",1463
"dior",1318
"hurry",4923
"nine",4205
"idication",3609
"history",3542
"speciel",5304
"resuilts",4955
"celine",395
"lacks",3346
"cheper",1365
"brandselection",1324
"menue",4508
"stayed",1392
"menus",3199
"fr",2408
"tried",695
"tries",5633
"fc",4019
"purring",4510
"horizontal",4634
"fo",2047
"a",56
"partyskater",2935
"bugs",2050
"lynch",4289
"chicks",3809
"help",757
"annoyingly",3896
"soon",1265
"held",5279
"modcloth",415
"hell",4961
"expensivee1",4268
"dummies",2796
"71nq6",3089
"finee",1060
"actually",481
"systems",2476
"finer",841
"yi",5141
"evening",690
"g345rtyq54ty",5615
"than",652
"ya",4596
"iterms",4771
"expensiveee",1022
"tekephone",4618
"foot",1408
"yr",3844
"paule",1660
"sundays",1613
"fully",4162
"freebies",4142
"xoxoxox",4659
"stopped",2948
"coulour",5495
"latersssss",4512
"heavy",3971
"blank",5592
"toda",1342
"goodmy",4376
"beyond",4296
"specials",4138
"shoestrainers",4393
"7",2030
"issue",1563
"expansive",3152
"team",4085
"story",4210
"reason",118
"purchasehelp",3727
"dirk",4606
"asi",4001
"ash",1258
"recu",5222
"persuading",437
"terrible",2052
"wintervery",3003
"caption",3480
"american",3106
"expecting",4594
"moremost",2766
"afforable",3513
"mahon",268
"reflected",2577
"mist",3657
"miss",454
"holmesleather",4922
"pictureput",5189
"wonderful",1561
"nigeria",3496
"scheme",3894
"schema",5027
"selling",2678
"that44",4535
"behind",2349
"jamie",3215
"off",98
"tunic",5289
"kindly",4819
"expensiveb",4850
"builder",4445
"shoesboots",2691
"wasnt",1
"delivery44",1195
"randomly",4420
"ratings",1254
"lil",4984
"heigtwidthhandle",5285
"labour",1920
"shose",816
"showcases",5445
"aggravating",2844
"towards",4095
"wath",5299
"quote",3187
"messsage",3818
"kan",3770
"experiences",4653
"approvel",1698
"diferent",4784
"mobile",1202
"clear",329
"popularity",3591
"love99disney",610
"clean",1168
"accnownledged",1738
"hovered",1848
"iwood",1688
"stores",71
"northern",2230
"justice",89
"frdes",4547
"pretty",546
"rands",1332
"itemscertain",4218
"woodall",5238
"famous",3759
"feels",5341
"combinations",4207
"during",1948
"alexander",3937
"catches",5117
"disabiltey",3651
"basketttt",5084
"reaosnabley",4187
"perfume",2960
"gloves",5286
"recommendations",4797
"x",113
"throwing",3413
"england44",3874
"grey",2159
"culture",3514
"descriptions",909
"close",1574
"paul",1757
"regularly",644
"pictures",176
"wow",3191
"woo",3636
"won",3039
"assistants",2740
"conditions",5081
"evanna",4288
"pictured",1335
"piss",1271
"missing",1601
"spray",4265
"vareity",3189
"both",1304
"curated",3992
"mega",3793
"pleasseee",4517
"dtartsdf",1424
"forgotten",1370
"nowpleasegive",2910
"liked",659
"deciding",5626
"whatever",2517
"vaider",3442
"header",4407
"likes",2289
"catwalk",716
"described",3172
"collected",365
"empty",3238
"modelling",2722
"floiwers",3406
"lives",1969
"materialtexture",2841
"lool",5159
"look",144
"rope",1276
"pace",4066
"while",1530
"accidently",3655
"animated",2464
"guide",629
"costly",4065
"overlooked",3702
"anymore",1789
"belong",4873
"grand",2038
"unstylish",2090
"colorssizesif",2694
"composition",2122
"used",128
"bonus",5106
"distrubing",4787
"user",718
"assortment",1931
"brussels",5448
"older",2238
"poland",3482
"leatherjacket",4626
"obviously",2096
"wedges",2172
"loveeee",2928
"grossly",835
"extortionate",5276
"winces",5429
"fasterx",2267
"useful",932
"disel",3633
"coul",1302
"tick",1315
"ientered",577
"remaining",1267
"useless",1514
"march",4020
"exprensive",1024
"showing",968
"game",1021
"chothes",1701
"colourgarment",4584
"crisp",4487
"itme",2006
"eet",3627
"clapham",5192
"vcspring",1853
"itms",5439
"translated",2800
"some",117
"urgent",4737
"trends",1406
"added",608
"collocate",4899
"trendy",2169
"offputting",4222
"lingery",2348
"delivered",1630
"describing",2210
"competitions",1904
"slash",5514
"run",1550
"processing",2259
"step",3427
"lasts",2660
"abroad",2684
"handbags",4186
"wouldnt",1570
"soft",1206
"ids",5288
"bustier",4958
"seeing",2950
"visit",78
"within",1310
"15mins",3240
"placing",4030
"pagelast",4546
"reet",1719
"registered",1523
"mulberry",393
"properly",180
"newer",4455
"branch",1333
"russian",2509
"dull",149
"info",1462
"intuitive",3892
"fdf",4255
"vacancies",4233
"wicked",1018
"similar",1982
"ordered",2702
"adults",2783
"sdthrs",3292
"accessibility",4810
"cotton",3898
"deside",3568
"amounts",1941
"nah",1057
"nan",2645
"application",1616
"nav",1792
"department",3451
"happens",1878
"visits",4599
"drag",2077
"improvementexcellent",4079
"consistancy",4237
"swede",5367
"heroine",1528
"structure",4354
"kors",1044
"e",3094
"zooming",4845
"asthetically",2845
"required",2506
"resolving",2858
"fashionable44",1844
"requires",1187
"gw",5352
"katz",5589
"gt",5553
"adverts",5501
"gd",4071
"gb",5538
"go",507
"attracted",1722
"kate",3867
"gh",4184
"chinos",5265
"lke",987
"suits",1504
"acurate",3140
"cluttered",1547
"evetything",2676
"friendly",719
"itgives",4116
"givenchy",2613
"facebook",4739
"telling",3802
"gender",2899
"michael",1046
"deleting",1226
"kikis",4261
"boots",673
"jump",1571
"wemon",3848
"picked",2296
"download",1595
"click",476
"w2394",5507
"jeeeeeeeeeez",2912
"slight",3271
"unhelpful",3906
"volatile",2715
"nicholas",4023
"commercial",2893
"convert",1036
"convers",2166
"outtook",2086
"deilvery",4532
"products",266
"chang",4613
"addresses",710
"win",4531
"austria",1374
"dosent",2737
"bagsshoesaccessoriesetc",2101
"snood",974
"panel",1663
"popped",2224
"started",199
"becomes",3907
"visibility",2750
"ccdkmm",5096
"key44",3101
"shearling",4991
"everithing",3224
"recession",995
"crossed",4010
"lazer",2540
"porque",3178
"links",1699
"greatone",3338
"wowww",2398
"skirt",1859
"dsquared2",5028
"locater",600
"arrangement",1686
"scrool",4995
"located",595
"manekins",2207
"fare",4436
"spelling",4478
"slimfit",4200
"capsule",2917
"favourites",2366
"bathing",4600
"advidtising",5569
"sperm",2951
"including",1029
"converting",2953
"blake",5412
"broon",5144
"him",5579
"blakv",4838
"frontal",3448
"numerber44",5108
"zooms",1387
"front",1328
"handy",417
"university",1955
"dosnt",5323
"ankles",3917
"cjcllclvm",5036
"globe",3169
"theyd",1654
"700",3701
"mas",2147
"variety",1567
"special",848
"cause",2332
"trashy",5210
"70s",4765
"nothinmg",2072
"completely",2471
"ect",3453
"ask",503
"keep",73
"wading",1801
"trousersjeans",1084
"mad",4129
"neccesary",4612
"evans",1341
"confuse",5421
"disembodied",5578
"improving",1096
"notjing",3433
"quality",337
"paymentoptions",1240
"playlist",3027
"bears",4616
"relations",3862
"attach",5000
"widgets",3430
"perfectly",2848
"beard",4243
"exactly",1117
"lists",1681
"feint",3294
"wonderfull",979
"fuzzy",4794
"overwhelming",4150
"updating",3771
"waist",809
"butiques",3780
"stupend",367
"bel",4303
"bed",4869
"providing",2007
"jeanstrousers",4136
"tabs",1054
"verys",2973
"need",137
"emptying",1836
"popups",519
"able",227
"purchasing",2027
"instance",3408
"issuing",2474
"sportswear",3535
"tshirts",2196
"mimosa",3656
"nuisance",1540
"gallery",2275
"eachother",2726
"upset",2462
"nout",3835
"impression",3032
"movewhat",2242
"bum",709
"anyway",3145
"passe",5168
"boutiques",2683
"envy",2379
"based",2824
"brighter",665
"various",2133
"purchasingf",4014
"slows",544
"sloww",3009
"overall",505
"125",4939
"probably",617
"128",3744
"valintino",4880
"kong",3579
"dodgy",3356
"endless",1926
"dpd",991
"she",922
"canadain",434
"nuttin",1042
"humans",292
"freeze",801
"petites44",4068
"computer",281
"powder",3142
"bloqueada",3181
"luv",1808
"nightmare",405
"tend",5266
"written",2532
"correctly",984
"horrible",1174
"lul",4934
"attention",771
"efficiency",2399
"key",3975
"approval",196
"outfit",305
"problem",2423
"career",1391
"minutes",2503
"jersey",3194
"modle",4652
"payment44",5107
"adding",286
"erased",1625
"quit",5509
"mrportercom",1238
"addition",3674
"yap",3070
"quie",2671
"quid",2594
"slowly",705
"treat",4462
"costumers",3351
"minimise",4406
"yaa",4658
"quik",3588
"corresponding",4859
"unavaliable",1677
"ropa",3478
"30mins",4039
"ours",4818
"xoxoxo",5360
"harder",1730
"gucci",382
"fonda",5023
"swinging",2538
"balloon",5430
"parts",3450
"party",817
"frequently",780
"destruction",4224
"items44",2294
"i",0
"modeled",291
"well",374
"booton",4379
"46",5092
"actordaniel",4245
"advertiser",3213
"sourced",2682
"increasingly",802
"accurate",572
"difficalt",4786
"mothinmg",3377
"sofie",2261
"40",2163
"advertised",2345
"lauren",920
"titts",3381
"logged",1394
"balloons",3914
"pero",3176
"topstshirts",2461
"bottoms",244
"immediately",1422
"likei",5362
"necessary",557
"nw10",3076
"sizes",249
"sizez",5550
"sized",3602
"payments",3797
"lose",4311
"page",52
"shed",1354
"twitter",4046
"fashionit",5336
"warmer",2970
"shes",5255
"home",1446
"peter",4629
"broad",3202
"productspositive",4924
"overlap",2725
"hitops",3036
"wendy",3331
"puedo",3177
"hvyigkbkv",3714
"tenfold",2705
"chance",821
"recognized",3979
"easyobvious",609
"questionsconcerns",1041
"tongue",3553
"previously",1959
"additions",5089
"shoeesss",5135
"dressses",5061
"deliverysite",1113
"additional",2813
"jinc",21
"usegood",4405
"looksie",5002
"noticed",2598
"inspiration",514
"searches",1662
"north",2002
"asending",5157
"hh",2710
"hi",115
"ho",5332
"crash44",2333
"hm",4086
"highest",3063
"eat",3521
"he",3388
"converter",2299
"signed",1816
"converted",860
"limit",4422
"it44",1520
"easyier",5443
"iondividuals",3515
"mejor",1344
"functions",5406
"offensive",5502
"prvide",5320
"repetitiously",4788
"desending",5158
"stay",2119
"else",319
"friends",1506
"todays",3573
"6pm",3188
"aud",3050
"presente",4413
"often44",2373
"presents",1266
"aus",1608
"trousers",931
"pamela",1902
"sorry",1385
"updated",643
"vase",5247
"salesand",3909
"updates",2648
"lefthand",4852
"emailsfor",4453
"skills",3306
"catogoy",3758
"companies",4796
"solution",4545
"herbert",3071
"ups",2536
"unwearable",5447
"clothes",88
"lookfit",3604
"concise",1144
"across",2626
"likely",4101
"10s",3216
"colourful",146
"even",634
"nel",4437
"preferences",1078
"bikini",242
"asia",2777
"lights",5263
"pricesshould",4932
"new",107
"net",2111
"ever",1176
"evolving",5319
"centric",1320
"mea",2911
"men",1357
"refinement",2539
"fuck",586
"100",508
"105",3942
"dry",3828
"oman",2371
"credit",1536
"suitable",5104
"once44",3682
"fantastic",732
"campaign",5540
"county",4823
"guests",5499
"jackets",2388
"things44",2469
"schuh",3266
"army",3395
"typp",858
"arms",3839
"shiftclick44",5482
"call",2657
"recommend",855
"type",840
"tell",204
"paril",3686
"warn",4644
"adult",2633
"clear44",2979
"ware",4252
"room",1469
"setup",1146
"movies",1082
"disabvled",5517
"evrything",3825
"frhgf",4047
"linesall",2999
"give",571
"involve",3516
"sidecolumn",3624
"separatley",1986
"faults",5528
"amazing",211
"gardens44",3072
"sate",2293
"answer",1255
"faulty",2280
"footwear",589
"replacing",183
"thankyou",878
"purchase",735
"attempt",1767
"third",1984
"looove",972
"vvvvvvannoying",2727
"automaticly",1037
"waited",1640
"leggings",4360
"wur",5136
"discountcoupon",5120
"keyboard",5405
"responsive",3586
"onn",4497
"before",502
"deathly",4293
"personal",946
"better",80
"weeks",1642
"combination",2790
"uyouve",5233
"one",209
"5999",2734
"went",1136
"side",555
"bone",5030
"mean",1488
"interruption",639
"inprove",869
"navi",5397
"forgot",1727
"navy",1826
"dawn",4727
"cums",5148
"velvet",1480
"is2",3407
"sparkly",2346
"revolting",5193
"content",1887
"easiness",1566
"ascdvbgh",5440
"little",155
"ascending",845
"struggle",2938
"100like",5262
"logging",1768
"eveything",3147
"starts",4492
"messages",3464
"ist",5458
"moving",46
"laggy",3113
"features",3111
"featured",1497
"downside",543
"girly",5042
"girls",823
"weddings",4631
"horrendously",784
"gyp",2771
"hadnt",2654
"stocking",4217
"greywhiteblack",1207
"heshe",5275
"matter",3884
"fabulous",2253
"silly",2312
"enables",5466
"mini",3658
"modern",3913
"mind",2154
"mine",5052
"seen",1000
"seem",273
"mins",1199
"mint",1157
"tells",1403
"gabriela",4822
"chest",1209
"hoods",2972
"ljjmjk",5434
"wrists",3916
"replenished",1556
"regular",1490
"emailings",5329
"zealand",2870
"pinits",3251
"doc",2068
"m",1293
"dog",4772
"definitely",1298
"dos",4263
"mailing",5463
"annoyed",326
"urgency",1680
"amending",4856
"availablevery",2402
"syntax",4428
"attempts",3301
"reccomendations",1961
"explain",2762
"sugar",5056
"some44",3850
"wearing",944
"womenmen",5091
"reconstruction",2080
"colorful",1251
"stop",539
"earn",3096
"bar",856
"bas",5624
"16",1732
"bay",2803
"bag",700
"bad",1073
"bab",5542
"storesso",4502
"reference",2100
"wistison",1432
"decided",3810
"interruptions",4633
"restocking",2200
"brazil",1438
"00",4965
"said",923
"cardgan",5221
"timeframe",1905
"first44",5016
"omg",862
"wears",806
"ome",2407
"modeling",5199
"picking",1604
"suggested",1846
"against",314
"distinction",3052
"frustating",5268
"appeared",1457
"codenumber",4298
"height",4031
"minimised",4635
"16s",5248
"chepper",4274
"lylylyl",2720
"puts",96
"three",1108
"tiny",1274
"desing",1308
"basic",4983
"entered",1140
"lovely",1252
"website",214
"descritions",4943
"deeper",3269
"sooooo",2541
"peeptoe",4881
"fotografia",4415
"personally",1973
"tank",1063
"spontaneously",3123
"ugly",2524
"near",1361
"suppose",1549
"balance",4705
"seven",2419
"mexico",2107
"ip",4400
"is",105
"ir",4891
"it",143
"shame",1972
"cant",8
"orderingwhere",1151
"in",66
"ie",7
"id",359
"disappear",2729
"if",289
"lavorare",4893
"make",139
"exbensive",1695
"belly",5043
"filtered",2128
"entitled",1706
"meets",4933
"selectio",5103
"ella",2151
"managment",3160
"sitemore",1262
"opportunity",2283
"kid",4697
"youre",426
"materials",5574
"roma",3277
"yours",3740
"left",933
"usukeur",2847
"just",198
"inglish",3402
"absolutley",1103
"human",3520
"itmes",3393
"yes",116
"yer",1059
"yet",854
"note",1537
"buyers",3042
"royal",1724
"save",537
"adress",3005
"background",316
"shoulder",2680
"nude",2488
"manual",3924
"arrivals",1007
"nbvki",2249
"32j11dblk",796
"mprove",3046
"deal",3124
"somehow",2629
"dear",462
"pain",2807
"laceless",3296
"instore",2139
"shapes",851
"carts",2061
"notification",3109
"exspensive",2437
"earings",3519
"bold",3763
"popular",184
"jsharn788",4876
"loboutin",3796
"super",1495
"flipin",1915
"booksa",4378
"magazine",1499
"islands",1068
"automatically",3125
"whats",893
"down",442
"locator",2508
"flaytes",3822
"refined",980
"encanta",3175
"very44",2773
"lewisfind",4246
"offering",521
"coooooooool",2755
"fore",4951
"ford",2481
"garments",1250
"descriptiove",5611
"messagge",2976
"economic",2161
"dgffd",2482
"delete",1882
"classic",776
"sale",219
"fashioned",1421
"ship",187
"shit",587
"alerts",3146
"generally",3080
"produts",5306
"manakin",4041
"warehouse",4104
"felt",3192
"rien",2955
"fell",5423
"stokk",4366
"stoke",4710
"weekend",3808
"jones",768
"happening",4912
"parceli",2905
"modals",4330
"jacket",1190
"basically44lower",1489
"parcels",5173
"shop",524
"dfsee",4901
"bodyoutfit",5465
"laura",4006
"ozlem",960
"mile",2331
"skin",5076
"morning44",2041
"sould",2782
"21st",3598
"burnout",4569
"disgusting",2167
"answered",2032
"finally",1840
"suffered",2646
"innit",2403
"advises",2199
"me",97
"smartphone",1743
"delivver",1612
"advised",339
"erp",5334
"category44",5015
"wore",4290
"dio",2304
"did",1575
"bright",2187
"signin",2718
"item",26
"aaw839",3527
"round",304
"dis",3015
"shave",3389
"unexpected",5580
"tnx",3680
"adds",4703
"favour",3499
"template",3174
"international",1587
"sweaters",3855
"filled",2650
"ridic",1554
"makeup",2075
"lusting",674
"erm",2791
"decipher",4228
"hgttftftftvnxknvknvknvk",5034
"wait",1888
"box",1316
"boy",4681
"canadian",256
"rember",3696
"bow",1871
"suggestion",2875
"bfpo",1052
"marternity",2470
"teenage",1861
"dissappointed",3812
"franco",2340
"balki",4241
"france",1456
"peru",2319
"black",432
"thru",1992
"checkout",129
"ahha",3891
"vous",3253
"oos",5348
"fly",3721
"mytheresa",1756
"soul",2155
"reviews",119
"wallet",5244
"highnot",1091
"making",561
"arrive",914
"nearest",777
"crazy",1728
"favourit",2515
"confused",725
"verthing",4762
"drawer",2184
"glamourous",2619
"pink",1668
"pini",1381
"slowwww",1765
"necklaces",5583
"till",2909
"sunday",1500
"maestro",4195
"map",2382
"designes",2528
"designer",889
"may",490
"max",4122
"popopopooopopopoopopopopoooooo",4000
"accessory",3623
"mac",2602
"designed",440
"mag",2116
"fantasic",2559
"scalloped",4857
"guys",1593
"man",20
"neck",655
"coppergrey",4016
"maybe",469
"sheisse",2308
"switch",4639
"african",3534
"basket",75
"tall",763
"talk",3589
"cute",2786
"shoes",212
"simplier",4488
"cuts",3776
"group",3683
"thank",283
"mais",3319
"interesting",791
"inproving",831
"thanx",5585
"listing",726
"policy",2743
"mail",151
"main",688
"maik",3626
"emailed",1564
"views",1128
"sooner",1423
"srsly",2983
"safari",2601
"bullshit",5541
"supersaver",1039
"finalise",4663
"bhuho",884
"rock",2264
"easilythanks",4610
"unlock",4900
"girl",1685
"homme",1319
"canada",1038
"miles",4027
"simlicity",5419
"dutch",4185
"correct",2789
"earlier",1366
"chavs",4449
"sideways",2850
"statistics",2636
"bunnymen",4249
"underwear",3736
"jaket",4540
"language",929
"model44",1306
"listings",3632
"suitstailoring",3925
"thing",480
"think",293
"frequent",3908
"first",597
"exotic",5264
"cheese",1219
"question",504
"long",1141
"carry",2526
"1s",4777
"moisture",2641
"eyes",1999
"moscow",2510
"lauralobdellcom",4008
"11",5133
"10",1292
"13",1521
"12",1478
"15",2190
"14",1731
"languagethank",4844
"18",1123
"were",175
"20s",3769
"pleaseeeee",3403
"reoder",4429
"hooded",3854
"t9ere",4203
"efficient",4048
"answering",3491
"potential",1950
"interior",4666
"performance",3217
"personalized",4936
"beirut",1960
"stilleto",4840
"channel",1067
"200",1418
"205",1247
"normal",1083
"track",579
"paid",1837
"paie",2785
"execellent",5207
"eg100",911
"skinner",4062
"pair",419
"woooh",5134
"especially",1980
"refunds",523
"corrie",4576
"precise",2477
"rating",3926
"shot",2158
"accessorize",4746
"show",24
"contemporary",2837
"shoe",58
"corner",2527
"label",1828
"enough",274
"stand",5593
"dolce",389
"raglan",549
"jeans44",4356
"get",225
"refreshed",3049
"nearly",1785
"30in",4212
"gel",5437
"cardshow",5033
"helpfulgrr",2795
"morning",2767
"stupid",562
"ruddy",4486
"quicklyyyyyyyyyyyyyyyyyy",4625
"delivary",5551
"japan",2778
"wonder",5022
"satisfying",1327
"registering",1359
"misreprisentation",2219
"gage",4721
"pump",4883
"gaga",3154
"degusting",5234
"achat",3260
"reading",1087
"checks",3549
"oversized",4059
"affordable",403
"goodlove",5609
"jr",3374
"dkr",3856
"timewasting",2868
"according",648
"uninspiring",615
"tout",4533
"holders",4270
"among",342
"cancel",1194
"photos44",2864
"considering",3404
"mare",4766
"awsome",2334
"mara",4123
"marc",1811
"beautyful",4325
"neebz",5155
"shopping",74
"offered",2573
"those",1835
"bullocks",4942
"cancelled",1175
"greating",3668
"strait",5560
"middle",2203
"pressing",1928
"loosing",3654
"everyday",3739
"bags",265
"different",525
"pay",492
"same",246
"enquiries",1256
"peopple",1454
"struggling",1646
"pal",1373
"pan",4630
"homewould",4469
"jeffrey",2758
"assist",3845
"running",822
"disapointing",1958
"totally",2093
"roughly",2519
"solve",4355
"peace",4568
"money",764
"asos",350
"backround",3539
"4",453
"perfectthanks",2202
"mot",5167
"price44",2764
"mon",5163
"disappointed",1898
"paupers",1702
"server",1139
"toptrousershoebag",5003
"nose",4216
"sneaker",1260
"doll",2135
"ascend",1069
"l",698
"images",318
"matching",1893
"gross",2218
"livrer",2487
"confirm",4097
"outb",5169
"aussie",766
"abercrombie",5017
"coldut",3567
"existwould",3400
"dissapointing",2753
"seconds",2358
"manufactured",1045
"unusual",3733
"broken",1838
"departemnt",3882
"opium",3143
"tease",3576
"roar",3705
"island",1995
"generated",1976
"youve",86
"mixed",3330
"road",1755
"sizes44",3785
"franchising",883
"coupon",714
"blessed",2990
"clothesp",4219
"references",3638
"gomez",3485
"ceramicpots",2494
"styling",3977
"labelling",2798
"buggy",4174
"fricken",820
"sophisticated",1990
"hsrd",4130
"topskirt",2089
"arranged",375
"strawberry",3722
"videos",159
"deep",4887
"general",727
"girlfriend",4861
"juttery",5271
"ckkfkfkf",5037
"fill",2103
"tedious",2605
"again",804
"personnel",5350
"creditcard",2228
"students",1833
"goooddd",5246
"important",2625
"recent",5581
"chris",1118
"dropbox",2421
"astec",3618
"gok",4620
"u",361
"hugely",4592
"alright",3212
"starting",378
"represent",2914
"emile",4679
"forget",591
"dollar",363
"refundsreturns",5073
"rise44",3074
"enjoying",1929
"hideous",5195
"puffs",3017
"parcel",1644
"straightforward",2505
"returning",1951
"fall",4426
"difference",1687
"exclusives",3767
"soooooooooooooooo",4267
"trackability",3420
"economically",2268
"andor",1906
"ipressed",373
"zero",4236
"further",1949
"ribbon",4994
"creatures",4577
"90s",1954
"studentscards",1737
"shopdont",4181
"movement",2856
"5000",2063
"shippingfree",5554
"component",3585
"beacos",3566
"ranges",1510
"operating",5079
"standard",2193
"fatter",2357
"search",368
"sofas",2369
"narrow",668
"clarys",1582
"transit",989
"africa",1331
"submenus",4384
"emptied",2653
"empties",2984
"rollover",4586
"readily",5409
"eye",1774
"nothings",2109
"distinct",4614
"wiped",2472
"destination",3475
"two",774
"comparing",259
"recomendations",3871
"wishlists",3293
"lemons",3018
"particular",939
"none",1216
"tunbridge",5630
"playsuits",2511
"hour",3268
"herestill",2322
"recall",1771
"des",4201
"sucks",4673
"broo",4484
"buffalooooooss",4498
"den",4109
"abandon",5196
"dec",1798
"marble",3698
"def",5113
"purchases",2284
"compare",2110
"delevery",1093
"share",2436
"minimum",1725
"numbers",1813
"purchased",3757
"needs",830
"needa",2993
"readall",4144
"petite",1378
"advice",1819
"sophistication",3066
"squaretan",2251
"shuts",4390
"response",2908
"chute",2393
"crowded",4132
"coat",1825
"pleasure",5413
"probleams",4981
"winged",3935
"azerbaijan",3997
"dough",3467
"filters",1615
"24",2484
"25",4179
"20",1733
"21",3115
"22",4660
"thnx",5026
"28",3615
"messes",3198
"iders",4026
"upping",3472
"someone",949
"males",5504
"primary",3429
"top44",5428
"complain",3391
"easily",1468
"pregnant",3163
"habits",5623
"cetificate",2485
"everyone",2781
"idek",4570
"house",1435
"hard",310
"idea",307
"connect",1937
"desision",2352
"flower",857
"singapore",2113
"nothingyou",5599
"print",2171
"garson",4757
"squished",4615
"mmm",3369
"difficulty",3495
"members",4277
"surport",5228
"beginning",4074
"wellall",682
"needing",4790
"morestock",2994
"valentino",3662
"dona",5487
"done",669
"spettacolare",1281
"smoother",4754
"least",247
"regulation",3955
"186",2713
"statement",624
"vibrant",3284
"draped",2512
"part",1184
"believe",2359
"b",1639
"pc",1154
"2025",4347
"supposed",1182
"declare",5523
"complimenti",5212
"interactive",3439
"ages",962
"headings",1987
"categorized",4034
"creased",3929
"fading",686
"cardigan",3621
"dancing",356
"client",5165
"majority",4550
"build",3303
"province",3337
"suscribe",1325
"sweatshirts",3159
"eggs",2780
"chart",1809
"most",564
"moss",3868
"services",2176
"33900",5215
"extremely",1261
"cheaaper",5391
"southampton",2998
"peasy",5483
"ki",915
"videoclips",5274
"fgs",2679
"organise",3773
"salesss",1471
"bernardelli",4182
"carnt",4474
"particularly",1477
"modles",5568
"relation",1806
"fine",723
"find",174
"unhappy",3041
"8",961
"1315",4553
"therefore",1705
"permission",583
"express",3423
"cheaper",101
"cheapen",267
"silk",4461
"merchandise",1010
"greatlove",4562
"remove",684
"locating",5044
"raelly",5069
"covent",4636
"individual",1883
"cheaperfree",3262
"visiting",2689
"please",153
"disscount",3231
"cutout",3332
"sitexo",5537
"popup",2383
"clothesshoes",2396
"becoz",1790
"ike",1794
"wivver",2760
"interfacethe",3233
"4050",5464
"lowhigh",2915
"foreign",3153
"suede",1876
"alot",282
"complants",4072
"point",269
"simple",251
"dressestops",2814
"confidenceit",5340
"simply",3457
"bruvaa",4775
"unsuccessful",4064
"openness",1031
"throughout",5366
"expensive",324
"create",1399
"rivals",2861
"ensured",5573
"ireland",2231
"carefast",5394
"vans",790
"wpould",4949
"priced",1553
"pricey",5214
"understand",1085
"4446",4827
"prices",69
"pricer",3901
"unnecessarily",5100
"fur",4743
"solid",677
"bill",5200
"fun",2920
"ful",5532
"larger",900
"encountered",3035
"itself",978
"okdelivery",2822
"pyjamas",5025
"babybreath",4191
"faboulous",4503
"complaints",528
"copying",4868
"sizingmeasurement",5566
"currencies",2438
"yesterday",3885
"moment",1517
"sandals",4287
"spent",1196
"flags",3307
"salvatore",391
"y",4092
"organization",3647
"spend",1150
"distracting",1842
"shape",1710
"alternative",2603
"jumpsuit",2344
"letting",330
"cut",2234
"cup",2181
"alternate",4842
"source",3110
"cum",5154
"easter",5229
"excited",1899
"ridiculously",1336
"big",421
"campbells",2759
"redeem",4157
"asoscom",410
"compte",5164
"knock",3492
"fddddddfdfd",4254
"should",406
"ideasinsperations",5325
"indication",1070
"gtreat",2338
"sequin",2699
"1416",4717
"scrip",5156
"google",1112
"often",1377
"lastest",5556
"absolutely",637
"back",366
"layouteasy",4820
"pricing",611
"mirror",4541
"ourselves",1289
"scale",3707
"jewelry",2924
"peu",3324
"decision",1966
"integration",981
"per",1412
"060213",3078
"sneakers",2229
"either",2022
"300",4341
"costumer",4151
"costumes",1213
"from44",4168
"fee",218
"from",163
"loveeeee",1439
"optimize",4752
"goods",636
"juste",5220
"goodd",3264
"differernce",3493
"jimmy",387
"frames",3462
"netaporter",3826
"mccartney",4161
"forward",2189
"bored",3866
"specifical",3523
"trainners",789
"toooo",4529
"boys",484
"hopes",2071
"doneee",2607
"directed",2741
"rejection",4643
"theproducts",4865
"detachable",4812
"clips",1963
"feauture",5561
"personnaly",4221
"sort",444
"constant",1841
"whitliterally",4839
"pagesit",4465
"single",5259
"instock",2325
"dragging",4441
"lyk",2544
"looooooooove",4063
"shoppng",988
"functionality",3355
"explaining",5039
"helpfull",902
"beatiful",2492
"favourite",3436
"colthes",1094
"tote",5284
"fussy",4149
"20pounds",990
"fitch",5018
"query",2033
"down44",1229
"chaps",4247
"helps",1588
"jasleen",3798
"pleasing",2846
"whishlist",3454
"labels",2697
"844104412",3613
"sequins",5310
"service44",5418
"putting",512
"looooove",4815
"arrange",320
"entire",4650
"havent",2183
"stocksite",4338
"crop",2194
"rivers",5050
"layouts",5252
"friendlywe",3559
"dowdy",5322
"chicago",5063
"giving",418
"access",1232
"body",1611
"right44",5109
"exchange",4480
"444",1860
"packing",3058
"objects",4302
"others",1569
"luis",3276
"irritating",1626
"39",4829
"38",3614
"fadila",4896
"30",463
"37",794
"36",793
"35",2652
"34",2562
"implement",5365
"skiwear",2523
"baskets",4307
"decrease",1707
"names",1847
"limb",3126
"resets",4337
"che",4434
"readable",3137
"websit",3291
"themselves",943
"wwwdjprecioustk",5484
"ballssweaty",4514
"train",1200
"fan",3949
"account",604
"f",1886
"obvious",2174
"closing",2900
"didnt",1449
"reserved",2420
"proportions",2599
"boner",4998
"ordervery",5010
"lamb",4801
"varies",4907
"stock",67
"profile",4447
"sizings",2192
"highs",4884
"hight",3836
"collection",501
"bothered",2281
"04e76bmul",1065
"geek",4806
"sit",2191
"lines",1376
"furious",2550
"subsequently",4928
"cheaperrr",3837
"nothoin",4093
"wedding",5498
"webdesign",1466
"flattering",3562
"shirts44",4358
"picturesangles",2752
"le",3258
"la",1343
"lm",4126
"poeple",3416
"willing",1116
"eur",4558
"dad",5512
"greater",2840
"bolder",2300
"andate",4892
"gauging",4946
"mention",2872
"cutting",1234
"reaaly",1565
"day",819
"lingerie",2051
"sweatshirt",3995
"popping",1942
"mate",5433
"ren",4115
"stud",2265
"red",1607
"hjhjkhjk",2549
"clarify",2380
"que",2145
"receipts",300
"backwards",5314
"midi",3967
"kkkkkk",5006
"hollister",5301
"retail",1180
"south",1330
"improvements",1492
"facil",2148
"monkey",2701
"conection",5364
"dumbos",3821
"hilary",3524
"balck",5571
"messing",4158
"geat",3774
"gear",1863
"completed",1475
"nobody",3222
"blazers",1443
"wishlist",529
"ipad",701
"loved",1843
"babyu",2459
"sweden",1280
"occassions",3580
"boyish",5384
"loves",2897
"visited",2673
"half",2073
"curves",3605
"unlikely",4333
"have",185
"curved",5105
"demonstration",5296
"mio",4438
"mid",4403
"incentive",412
"mix",3366
"parka",4726
"unless",3157
"payment",132
"request",1244
"occasion",2765
"skinny",1222
"normally",3608
"selection",888
"text",2878
"avalible",1802
"rotating",2548
"currencycould",3546
"staff",1120
"poping",2977
"loafers",2415
"clothesjackets",4828
"unidays",5400
"photographs",3779
"21345",3481
"beable",5444
"beat",4809
"beau",5020
"photography",762
"stripes",4548
"restocked",29
"grethen",3824
"movezoom",4649
"striped",2003
"fixed",5077
"looks",313
"national",4012
"fahion",5013
"easyly",2570
"pricesmany",3572
"greece",2318
"tobago",5102
"clearing",3358
"ralph",919
"purses",1089
"discounts",1584
"routing",5188
"progress",284
"thumbnail",1133
"vry",2263
"facepalm",5204
"deliver",1066
"tobias",1431
"delived",1458
"optional",3869
"chris69",2799
"joke",1355
"taking",1290
"assure",2430
"clothesbut",2677
"comment",2285
"relevant",1633
"denim",1380
"askng",4049
"madhavaram",3184
"tremendous",5494
"define",5634
"orange",5411
"finished",1697
"angles",1714
"varetys",3565
"multi",1064
"holiday",2257
"plain",1502
"appearance",3930
"value",400
"homei",3489
"frustrating",1197
"dhoore",2262
"almost",3342
"hvhgh",4133
"arrangements",1426
"arabia",2143
"topdress",4238
"sandal44",2391
"momant",3300
"tumbler",2863
"auto",4391
"carven",3814
"blooms",3410
"samantha",2698
"reporting",2108
"ios",4753
"upclose",4918
"32in",4213
"numbered",5478
"com",5145
"teeshirt",2614
"thought",1360
"cardsstudent",3782
"position",1186
"latest",1405
"botique",4058
"proximity",4139
"domestic",4826
"storey",3996
"feminim",1444
"shoes44",1573
"cheerfull",2045
"recommending",4734
"nire",2918
"add",574
"adn",5558
"match",245
"resolved",5549
"everthing",1568
"elapsed",3687
"itemsclassic",5524
"modelswho",4240
"dubai",5330
"like",40
"sofa",4304
"skinnyness",3777
"cdcddc",452
"armani",1911
"works",1729
"weaaring",5256
"heel",2173
"italian",1684
"accessible",852
"swimsuits",867
"hair",3675
"tony",5253
"recommendation",3833
"proper",5361
"welcomeor",3422
"itthanks",2978
"est",5019
"esy",5180
"happend",3606
"ralf",5381
"grrr",713
"ridicilous",5312
"worthy",2083
"simpler",3494
"vuitton",3903
"about",123
"actual",917
"toms",3691
"xoxoxoxx",954
"arre",585
"shiping",485
"functional",2649
"socks",435
"brands",552
"doesnt",272
"female",1077
"sasdasdadadasd",5203
"giftcards",3834
"buckle",2608
"manteau",4117
"buy",112
"highso",3728
"chatting",4194
"brand",369
"but",994
"reminds",4244
"salesdiscounts",2557
"friendlybeautiful",4798
"impressionfirst",3641
"bug",5078
"wise",4479
"wish",733
"j",5160
"avaliable",5175
"pleaaaaaaaaase",3904
"burberry",394
"pin",4090
"scriptalerthellpscript",5232
"pic",538
"48",3532
"tool44",5201
"dressed",3972
"44",4050
"45",1198
"42",3934
"detail",1623
"virtual",4372
"41",2746
"detais",1001
"dresses",12
"countryusa",4720
"variation",2884
"ecological",4963
"philips",4506
"philipp",3663
"resolution",1541
"8th",2043
"limited",2615
"gossamer",2035
"searchable",3978
"hats",213
"sleek",1237
"hate",638
"assembled",2306
"poorly",3547
"paris",1214
"under",1121
"every",364
"vastly",1338
"encounter",5338
"school",466
"joggers",1263
"enjoy",667
"bicycle",4281
"throught",4632
"consistent",2981
"guidelines",4375
"direct",3725
"nail",2254
"peasits",3414
"street",1634
"estimated",2889
"blue",1379
"specification",3661
"selected",607
"supplied",3263
"conduct",4223
"hundreds",2906
"zaracom",3503
"leaves",325
"changed",861
"tv",4475
"pleeeeaaassseee",4908
"changes",1243
"deliveryreturns",3794
"maniquine",4849
"visible",288
"would",37
"ideayou",2835
"browsesearch",1363
"preview",1869
"dressing",3130
"cmake",4102
"phone",1204
"excellent",886
"outdated",3234
"must",2048
"abundance",4160
"ma",4269
"cheapest",3378
"homepage",2586
"mi",4430
"mr",3275
"my",280
"addictive",5243
"alowed",5564
"times",696
"attract",3558
"guarantee",4773
"end",1543
"enquiry",3817
"charging",2656
"badly",2410
"poker",1868
"description",264
"mess",3379
"demanding",5497
"bogofs",4866
"sparkles",2342
"enter",740
"over",328
"london",3075
"retrun",4154
"fittings",1210
"expectations",1970
"imo",2499
"writing",2301
"compelling",5217
"towirk",4708
"400",4808
"mettre",3254
"pleaseeeeee",3616
"qa1qwq",2922
"syncronicity",4321
"lenth",5123
"netherlands",1049
"notified",1283
"fonts",2288
"detroit",4251
"filling",3364
"each",160
"farso",2927
"signing",2708
"cloths",177
"combining",5130
"saturday",3426
"gon",3095
"driving",4175
"god",4336
"motel",1156
"washed",3830
"laid",1637
"got",580
"newly",4781
"saudi",2142
"merchandising",4702
"layout44",1512
"stella",1498
"jonis",5515
"free",238
"fred",5250
"small",697
"formation",4780
"marant",2686
"wanted",879
"days",1382
"outfits",863
"filter",670
"heck",4401
"hopeless",5557
"differnt",1484
"onto",1778
"already",540
"plaincome",5064
"puch",2164
"lkjlkj",150
"encouraging",1409
"rank",3923
"adopted",4521
"nhs",3648
"primark",1773
"top",50
"confirming",3227
"mothersday",3405
"too",278
"tom",2480
"inconvenient",5415
"toe",2013
"murder",1874
"tooo",683
"tool",2311
"took",1533
"ankle",2079
"wardrobe",4651
"frankly",1413
"rolex",4608
"legibility",4976
"rag",5029
"fashion",872
"pollination",4767
"raw",3207
"rap",4959
"relatively",704
"elegance",3011
"maxi",912
"colourstyle",4418
"clunky",3242
"option44",2579
"though",1410
"plenty",1518
"promotions",1126
"flop",5612
"exlent",4275
"treaty",2894
"jersy",4120
"like44",3418
"overpriced",890
"contacted",3487
"reductions",895
"queen",2115
"pops",3013
"colors",973
"earth",4471
"availability",1483
"shambala",4367
"543",2001
"unavailableout",4929
"gods",5467
"sunglasses",2723
"watch",4396
"gogo",4505
"amazon",4054
"despite",1393
"fabrics",728
"amezing",3045
"countries",341
"twice",1429
"deliverys",4153
"shots",1356
"vitage",2584
"automatic",1352
"expensie",1916
"nuy",4345
"nus",1448
"recieve",4299
"out44",720
"submitted",2980
"candian",2867
"enought",2578
"continually",1005
"catalogue",4443
"hopefully",1796
"mum",1482
"norvay",4862
"360",899
"50of",2913
"shopng",2985
"however",439
"wear",999
"news",4760
"improve",138
"fault",1372
"jelly",3888
"bodice",3525
"faces",2716
"expense",4253
"improve44",4491
"stylefit",5627
"karen",4118
"trust",3098
"bathroom",2302
"clip",2310
"bikinis",1211
"been",569
"quickly",1918
"modelsmanequins",2460
"confident",4871
"insoles",4591
"bees",4768
"expected",3034
"syles",1525
"hythe",2997
"xxx",467
"hancostly",1074
"catch",770
"unconvinient",5040
"n",5098
"strangest",4566
"dept",4619
"stopping",5591
"accelating",4017
"accessories",963
"nike",429
"suggest",1493
"utilitarian",3895
"complex",4257
"inventory",5048
"several",1713
"groundbreaking",2617
"visitado",3479
"uploading",4464
"visualizao",4416
"jean",276
"updateload",4495
"proposed",3210
"laptop",2269
"1semane",5223
"correspondance",5001
"fgfttre",5575
"proposez",3318
"vid",4904
"voglio",4435
"apears",3660
"teenager",2049
"vntage",4982
"gave",1177
"perfecto",4070
"descending",846
"judge",5480
"perfectd",3086
"advanced",829
"apart",1602
"appearing",2670
"58",2467
"gift",494
"55",2206
"50",509
"specific",650
"informative",1419
"dsquaire",3504
"zoom",838
"hoodys",3020
"malaysia",2413
"advertise",2967
"timesalways",5060
"proceeding",2688
"everything",102
"christmas",4266
"booking",5424
"deleted",2055
"disappeared",2120
"discount",262
"shoild",2248
"deletes",3502
"misleading",2966
"ensure",1974
"differnet",5046
"anorexic",1981
"giv",3093
"git",5143
"stuck",3889
"gim",2216
"head",2019
"medium",1015
"amateur",5183
"attempted",5395
"differences",4351
"removes",4909
"hear",4381
"removed",2690
"mannequins",1665
"adore",4271
"prematurely",4196
"brightly",4996
"shiney",2618
"sometime",4022
"reenter",4989
"annoying",54
"check",451
"effence",1097
"ni",1090
"accuate",4867
"nn",4642
"no",14
"cestino",4439
"na",345
"whereas",4704
"when",36
"til",2880
"nz",5588
"tie",4750
"nr",3910
"orchid",3411
"tic",4581
"picture",171
"eyenice",5118
"tasteful",5131
"younger",2239
"marsell",3295
"faster",197
"1800",4647
"australians",788
"vietnam",4226
"serious",5522
"visibleneed",2157
"awesome44",4872
"varying",2291
"focus",4369
"deliveries",1329
"displaying",3730
"row",4083
"models44",1979
"environment",4067
"charge",834
"broadly",2290
"sloppy",3348
"3333",4518
"wallets",3309
"tanks",4987
"cook",3509
"cool",663
"impressive",3033
"level",3983
"philippines",2797
"quick",532
"yall",559
"dries",4189
"says",1225
"porn",5441
"trend",3079
"voucher",2404
"quickeerrrr",4668
"sayn",5150
"port",3322
"categorizing",5479
"manikins",4604
"goes",1131
"32a29dblk",795
"reply",3417
"inspirering",4920
"wated",5604
"wishliiiiist",616
"groups",5357
"preorder",1056
"arcadia",2062
"mauritius",1715
"weird",1137
"navigation",632
"lowers",4878
"1st",5486
"peep",2942
"trinidad",5101
"sitshow",1648
"section44",4206
"availableit",5410
"anda",5051
"todas",4410
"iphone",1652
"criteria",2704
"gabbana",390
"australian",551
"today",1006
"clicking",1515
"farfetcch",2435
"itsss",2053
"states",189
"valli",3061
"gazelles",2733
"stock44",2883
"usability",2493
"categorys",1297
"figure",676
"interenet",4310
"stroke",2647
"dropped",4105
"counting",1643
"swedish",1814
"requirements",5422
"woyld",1700
"crimbo",5471
"1",2092
"rprices",2630
"fourth",742
"differents",4472
"plus",1776
"offered44",1889
"crashes",2600
"information",275
"stil",4114
"cucinelli",4124
"4th",3685
"netaportermainly",4131
"inform",3370
"ones",1275
"refund",2475
"words",749
"mainly",3537
"buyer",2552
"blocked",1766
"scrolling",1913
"organisation",4335
"platform",4286
"officine",5008
"happened",2655
"dudariamos",4002
"qualifies",236
"underneath",5302
"name",2495
"bralets",4088
"realistic",2250
"realise",2087
"individually",4056
"valuta",3671
"valute",1461
"catching",1775
"authenticity",2431
"unlist",3941
"profit",4198
"competions",3459
"100s",4043
"6th8th19th",3597
"dispatched",4711
"boobs",3278
"oasis",5355
"manikin",3890
"yur",4342
"turn",913
"place",1559
"discontinued",4035
"1000",3957
"coming",1264
"clumsy",5206
"surveys",1148
"lanka",4895
"plastic",2361
"returns",90
"pgina",3477
"gives",3666
"unobtainable",2097
"looovvvvvveeeeee",1507
"season",3964
"facilety",15
"alan",4061
"dfdfdf",4256
"minimalistic",2011
"copy",3274
"specify",2225
"wide",2400
"mmnnmjmm",5097
"havng",1474
"require",4078
"modelled",755
"r",3000
"cards",568
"havnt",4021
"and",34
"ane",3326
"chloe",396
"style",953
"ans",2455
"tailles",2959
"sells",2443
"any",336
"conversion",844
"cvdvv",3183
"ideas",1033
"malta",2208
"xxxxxx",3054
"sultanate",2370
"hoover",1004
"multiple",1383
"illfitting",1749
"clearer",630
"catwalkvideo",2245
"definatly",3526
"considered",3795
"proud",2964
"quantity",3991
"drastically",2968
"spaced",2638
"trauses",4121
"trenchcoat",2466
"trop",2664
"wereis",2316
"state",1696
"wool",4081
"lighten",4301
"regarding",2017
"puhhhleeaasseee",2336
"naked",2887
"scots",4972
"through",134
"bought",2138
"xxxxxxxxxxx",4756
"replies",4318
"bargain",2901
"college",2801
"addin",1704
"fails",2628
"ways",2597
"review",1788
"own44",3973
"insted",2666
"outside",3421
"deigners",997
"detech",4813
"arrival",3312
"messed",2724
"uptodate",3156
"come",531
"cespensive",5179
"postage",327
"reaction",3765
"lookbook",2222
"region",2969
"shoesssssssssssssssssssssss",1427
"bodyspays",3028
"duty",2892
"filtering",1142
"perrys",5251
"color",1683
"period",1679
"pop",438
"60",4423
"poo",3247
"68",3193
"69",4682
"turkey",2564
"lifes",3536
"flot",4111
"eitem",2446
"fromin",5190
"hardly",3918
"lifei",5337
"engine",1309
"1214",5024
"robbed",2215
"6s",334
"catorgries",4326
"paying",1061
"hughes",1119
"disccount",3486
"cash",2367
"shops",322
"unsatisfactory",1476
"telephone",1040
"good",190
"acess",3057
"sence",5014
"locking",3302
"supra",3441
"bows",4978
"reminder",2707
"week",1404
"drives",4128
"changing",747
"swatches",1975
"without",1295
"relief",3700
"deliever",5491
"model",805
"reward",1441
"bodies",1653
"nd",2754
"actions",3813
"kill",3483
"polish",2255
"guides",1884
"halfway",3363
"rose",4183
"seems",489
"reccomend",4490
"blog",5090
"lets",2424
"samples",2587
"flashing",769
"disrupt",4583
"greateverything",653
"styles",108
"nappa",4802
"4560",2085
"styled",2000
"accepted",570
"furniture",1977
"bracelet",1433
"reduced",2581
"deduct",4841
"okimpressed",5132
"jewellery",1647
"skovgaard",4284
"competition",4834
"table",2186
"cheeper",2851
"provided",2947
"slick",1145
"stops",1590
"moor",3564
"hipster",4076
"provides",656
"porter",2112
"storehere",1193
"nails",5449
"inspect",3635
"communicate",2888
"_",1603
"on",181
"ok",83
"oh",1830
"og",4112
"of",51
"creepers",1618
"pourriez",3252
"oz",4836
"ox",3554
"os",5054
"or",59
"knits",4930
"hchmklm",4641
"ladies",2034
"curser",4700
"75c",3311
"accounts",1397
"determine",1635
"burton",3569
"anoying",19
"technophobe",1511
"refinements",4388
"there",263
"clothesie",3431
"example44",2580
"valley",1754
"grunge",563
"regard",1294
"promote",681
"longer",1945
"hallows",4294
"wholesale",3806
"avater",5562
"internationall",1736
"strongly",338
"politico",3445
"taste",2992
"britain",4686
"lobdell",4007
"diversity",2591
"incorrect",2555
"hasnt",5235
"idiot",1173
"enterering",3335
"narrowing",3341
"5",896
"announcements",3864
"requested",4451
"satchels",1764
"separate",1416
"includes",2776
"recognise",3747
"included",2031
"stocks",2643
"unresponsive",5269
"websitex",3556
"wifi",4444
"websites",2432
"mpfp",2298
"curvy",3272
"oriental",1670
"apparel",5576
"cheaper44",2793
"oddd",3333
"all",191
"lace",2350
"chinese",3857
"lack",1398
"abit",786
"disc",4729
"follow",1932
"everyones",4169
"synthetic",3214
"lining",4363
"chique",5283
"init",4499
"presentation",2335
"woman",1580
"worse",2881
"egyptian",2891
"far",678
"fav",5387
"fat",4847
"cloyhes",124
"sont",3323
"fam",2545
"awful",1527
"cheeeeeeeeeeaper",3571
"list",201
"trench",4009
"teh",5457
"tel",5555
"ten",3582
"tee",3876
"rate",2809
"design",970
"functioning",5067
"what",3
"sub",3717
"niceintrestingits",3151
"sun",1823
"sum",3956
"ticks",4172
"stunning",1104
"crush",4349
"version",1964
"sux",4730
"christian",2561
"certainly",4440
"directions",2926
"9am9pm",5231
"pleasant",1753
"allows",1371
"search44",3712
"options",497
"suddenly",2787
"maby",3161
"texts",1763
"proceed",3560
"yoursite",1516
"branded",4155
"flat",2808
"israel",1599
"flap",4555
"recipients44",4171
"glam",3446
"known",3592
"glad",3507
"knowi",4319
"sleeveless",4395
"v",654
"martens",2069
"pleaseee",433
"finland",3928
"pony",5075
"advantage",4501
"rather",651
"debhnems",2832
"preeetttty",2054
"occasionally",2411
"influences",1965
"speeding",5600
"nitwits",4574
"errdont",5376
"simplicity",3100
"shouldnt",1622
"okay",39
"computerb",1009
"short",1081
"shade",4927
"isnt",94
"inquiries",4738
"dont",44
"jacobs",1812
"strange",1272
"argentina",2695
"might",881
"somebody",2903
"sucking",3006
"shopbop",3245
"saletheyre",2490
"bigger",785
"instructions",3766
"gud",3313
"refresh",2721
"ladieswear",4234
"compris",2956
"expect",5455
"organised",457
"selfridge",455
"errror",3832
"niceeasy",3873
"soooo",4817
"lols",3742
"shipment",621
"offers44",3211
"ctrlclick",5481
"thread",4314
"informations",4452
"money44",3097
"feel",84
"fancy",5531
"feet",1572
"sympathy",1460
"enlarged",2440
"dint",2412
"notify",3380
"fees",483
"bland",3385
"slower",4513
"vmmvnvkkf",5038
"wediste",4308
"onsaturday",4525
"hangs",3943
"store",91
"option",93
"transaction",1784
"versatility",3367
"kind",945
"on44",4272
"double",3135
"instruction",2389
"dans",3257
"bruvv",4657
"shoppingbag",3239
"dried",4602
"cleaner",5598
"outstanding",959
"cleaned",3829
"kugkvhfg",3286
"cropped",930
"finding",1508
"modelperson",2397
"measures",5278
"flyyy",4260
"cuttingedge",3732
"75",2390
"70",4947
"nothing",372
"seasons",4106
"boquets",1673
"dunnnnooooo",4706
"thingsplease",4504
"windows",4979
"apres",5224
"notch",4427
"lying",5152
"bottega",384
"wishlistsave",5582
"accout",4481
"cdn",5438
"font",1179
"securing",5601
"hip",706
"his",1172
"hii",2434
"dose",443
"emails",1751
"awesooooooooooooooooooooooooooooooooooooooooooooome",2709
"activity",4523
"wrote",1875
"bars",285
"ietms",2454
"kylie",1167
"dumb",3016
"are",64
"arm",5462
"declined",1740
"18s",5116
"formatted",2535
"use44",1934
"numerous",3581
"clearperhaps",2623
"korea",622
"recently",2099
"creating",2514
"sold",32
"sole",1817
"beautifulxo",2491
"c",3563
"blazer",430
"mimimum",4795
"became",4220
"finds",4324
"sweet",3127
"loveee",4804
"improper",5281
"conitions",3186
"crisps",3772
"everuthing",4143
"pp",354
"swa",4231
"due",1901
"whom",4974
"sociable",4975
"ph",270
"streetan",5342
"lipsy",1864
"salesconversions",4178
"demand",2362
"georgia",4824
"frozen",3801
"time44",2838
"theres",1321
"rangemuch",4567
"rip",4173
"disappointing",2962
"cooch",5139
"rid",355
"shirt",1546
"lengths",2243
"orders",910
"peoples",2070
"9",2395
"advise",1134
"daughters",3025
"higher",70
"sitevery",3360
"flows",1028
"arrived",2769
"wheres",3998
"lower",157
"anybody",2479
"edgy",3508
"cheep",4239
"edge",1235
"descendingascending",4885
"aways",3428
"stating",3650
"competitive",4489
"questions",3550
"dreses",2131
"prince",3501
"loading",940
"tablet",5093
"finder",2661
"selction",2639
"complaint",3068
"complains",3842
"moody",1946
"seperate",4094
"lost",2811
"7600",3200
"separately",2687
"collect",1346
"unstable",3561
"fucking",2152
"newsletter",694
"flippy",2057
"luxe",3116
"louboutin",1723
"seller",4774
"prom",2386
"ticking",3029
"tends",1048
"selled",2023
"jumpy",2703
"xxxxxxxxxxxxxxxxxxxxxxxxxxxxxxxx",4387
"pepoles",4137
"selvedge",4052
"jumps",2314
"refused",5087
"0900",4833
"range",401
"availabilty",4344
"womens",1014
"maniquenes",4134
"dollers",3745
"inventories",4785
"impressed",323
"bruv",1058
"xoxo",2024
"lengh",1761
"fast",849
"baggy",1557
"prettier",2136
"rezise",2805
"sections",1109
"memory",3653
"catwalks",3092
"glamour",4677
"cloth",161
"repeatedly",1651
"junior",3610
"reorder",2763
"consise",908
"called",1881
"millar",1903
"exepct",3170
"warning",582
"rainbow",4394
"grr",3704
"tesco",4542
"cuenta",3180
"grouped",691
"nice",126
"fendi",386
"users",3465
"problems",847
"meaning",5324
"allowing",3681
"posters",4617
"bondini",1810
"dunno44",3851
"happier",3792
"vice",232
"gr8",3345
"scroll",533
"once",603
"issues",1165
"shiraz",2067
"itll",3541
"keds",4507
"languages",1023
"include",340
"overlaps",3434
"confirmation",2478
"throughurl",1080
"deliverycollection",3108
"deals",1425
"noten",4190
"noted",5112
"disclaimer",3965
"smaller",470
"idike",4468
"trawl",4042
"traveling",2775
"acid",4732
"unavailable",2260
"showcase",2854
"waiting",1678
"attire",4725
"chose",1349
"degree",1239
"kangaroo",4837
"pushing",2447
"overvalued",836
"desired",3030
"explore",1494
"sexy",2574
"ukraine",5485
"enlargeclick",1862
"evrithing",5300
"leaving",1296
"app",23
"apply",1452
"redo",5272
"fed",2706
"usd",3570
"lottery",3040
"hippie",2982
"usa",152
"piccys",5543
"few",408
"fet",5240
"frou",1017
"porco",2303
"porch",1971
"inclined",1339
"annnoyin",4442
"fjne",2337
"women",756
"irls",4552
"sightyou",3136
"column",1581
"anywhere",3122
"tat",1831
"tar",2794
"tas",4580
"tax",2235
"tad",5489
"tag",2084
"hilton",1215
"something",346
"tab",2297
"made",1627
"united",188
"chrs",3325
"improed",3158
"siz",5552
"six",1641
"itss",1095
"camille",1487
"dependent",5333
"camilla",4283
"sie",3510
"biggerhope",1791
"instead",148
"attend",3883
"expensife",4152
"dnttt",4365
"3700",4662
"asilo",3444
"highlands",3940
"martins",4684
"light",2820
"helpline",2658
"shippin",1873
"interrupted",5496
"honestly",527
"necklace",1218
"whilst",1149
"orders44",3988
"becuse",2995
"layout",302
"permanent",164
"choose",228
"inconsistencies",2456
"covered",2943
"bye",623
"defining",4559
"pending",195
"crash",800
"material",1003
"investor",3861
"articles",2923
"fiddly",4339
"weather",3900
"related",4563
"shippingtaxlocal",5295
"our",590
"80",3865
"couldnt",1496
"out",33
"category",1760
"obvs",5291
"iteams",1106
"informe",5402
"heynothing",3382
"jhnhjklnmk",4057
"dissapearing",2212
"york",2711
"8s",3694
"trousersjeansleggings",5470
"g",4935
"superrrr",4916
"birthday",842
"improvementsits",1470
"echo",4248
"posibility",2445
"pleeeeeeeeeeeeease",2644
"destinations",1600
"coulorful",1721
"priority",2065
"their",1124
"headbands",3678
"regards",4060
"july",2575
"holland",2059
"boring",258
"limiting",4665
"sitelog",5041
"beter",3088
"clevage",5007
"teenagers",4779
"colours44",2422
"faux",4990
"linked",1079
"ferragamo",392
"afraid",3946
"angle",751
"cardiganb",2416
"which",257
"2544264428",2810
"cardigans",2468
"whe",506
"who",1086
"why",918
"polyester",976
"refreshing",1786
"hk",2779
"bushells",4417
"pipe",441
"neatness",4962
"ballons",3719
"statuts",647
"weeny",4230
"colouredblack",4670
"colorfull",1996
"purely",4654
"perfumed",3141
"chicken",3522
"pleased",1895
"subsections",2939
"please_",4519
"combo",5004
"studded",2326
"local",898
"watching",5420
"dope",5095
"999",5072
"inseam",3205
"nnnnn",3394
"svpply",5363
"muchit",4470
"coordinating",2916
"downnylon",3531
"belts",4485
"airmax",4776
"jaime",3315
"queries",2907
"view",206
"conversions",2209
"europe",349
"dilivery",2317
"closer",1544
"closet",4724
"favor",5435
"closed",3354
"frustrated",3289
"pants",3577
"ability",3288
"opening",120
"job",2124
"joe",4140
"declining",2513
"piece",221
"waisted",3784
"display",202
"april",2042
"atleast",2418
"picturesviews",2991
"accessorise",2197
"unclear",958
"wall",825
"bacjground",3037
"walk",1026
"packaging",1739
"subscribe",3026
"respect",2409
"narrowed",3692
"provinces",4280
"decent",4712
"hunters",2902
"charts",1012
"offers",518
"giacomorelli",4640
"kmckvmkvkmc",5035
"sufficient",4089
"hmm",5521
"ensuring",1832
"thouhgtful",971
"last",220
"present",2095
"abandoned",4676
"choices",1524
"will",27
"hovering",4005
"wild",2351
"lakeside",1170
"thut",5140
"thus",436
"layed",4848
"8569",3528
"perhaps",828
"vintage",431
"passowrd",4718
"cross",5606
"affordoble",2588
"member",4032
"inch",3788
"gets",1597
"difficult",179
"promo",3960
"premiere",4295
"definately",2105
"collab",2064
"uros",5460
"student",261
"collar",4811
"yoor",5137
"whole",865
"gutted",1288
"english",2761
"improveits",5529
"upgraded",1962
"excessive",5414
"looked",2278
"percent",4328
"grament",4944
"console",2185
"supply",1617
"smith",1758
"capabilities",3584
"stuff44",1217
"book",947
"attractive",826
"usage",3328
"identical",4408
"selection44",3958
"captivating",2046
"know",424
"knot",3620
"press",2429
"2499",3409
"rude44",2965
"helpful",810
"because",343
"tmorow",1867
"smoothly",3611
"searching",1924
"110",1716
"refundsexchanges",3781
"perchase",3129
"earrings",2266
"locate",4522
"sarri",2329
"thanyou",2996
"oustanding",3065
"suitssssss",3375
"rare",1805
"carried",5270
"getting",194
"accessable",2730
"urged",1286
"carries",1011
"own",1666
"polished",2640
"stylingoutfit",4758
"reguce",2802
"lenght",2507
"polishes",3634
"promise",3415
"registration",5267
"brilliantly",1337
"van",2036
"transfer",3980
"vat",3386
"funds",2554
"granny",3963
"coool",5170
"jdnfjdsn",4688
"simple44",853
"arnt",125
"whether",25
"below",4107
"cake",3877
"ez",5147
"maroon",2188
"boot",4744
"immobilized",2078
"other",321
"sick",4483
"incredibly",1827
"clicks",3249
"kinds",4493
"manicans",2356
"kinda",5563
"sandles",4889
"coleccion",1345
